class,Standardised_smiles,Inchikey
1,CCN(CC)CC#CCOC(=O)C(O)(c1ccccc1)C1CCCCC1,XIQVNETUBQGFHX-UHFFFAOYSA-N
1,CCCOc1cc(C(F)(F)F)cc2c1n(C)/c(=N/c1ccc(OC(F)(F)F)cc1)n2Cc1ccc(C(=O)Nc2nn[nH]n2)cc1,UECFQNMLGNHNSO-JYUHDHNASA-N
1,O=C(Cc1ccc(F)cc1)N1CCC(CC2CC(c3ccc(Cl)cc3)=NO2)(C(=O)NCC2CCCCC2)CC1,JVAGCUZHLINKTQ-UHFFFAOYSA-N
1,CCn1nc(Cc2ccc(OC(C)C)cc2)cc1C1CCN(CC2CN(C(C(=O)O)C(C)(C)C)CC2c2cccc(F)c2)CC1,LDTUIPCDYVXKIB-UHFFFAOYSA-N
1,Cc1cccc(N2CCN(CC(O)COCc3cccs3)CC2)c1C,KHNCPWUJSRUVHU-UHFFFAOYSA-N
1,COc1ccc2c3ncn(/N=C/c4ccc(OC)c(CN5CCCC5)c4)c(O)c-3nc2c1,QNVWCKHJEDARPZ-LGJNPRDNSA-N
1,CCCCCCCCn1c2c(c(=N)c3c1CCC3)CCCC2,PAJBNEAIPBNKCW-UHFFFAOYSA-N
1,CCn1c(SCc2ccc(C#N)cc2)nnc1-c1ccc(S(=O)(=O)N2CCCCC2)cc1,JLIZTFPVKKSYSJ-UHFFFAOYSA-N
1,CN(Cc1ccccc1)C(=O)CSc1nnc(-c2ccco2)n1-c1ccccc1,WZWYMMBXUSEMQG-UHFFFAOYSA-N
1,Clc1ccc(-n2cccc2CN2CCc3c([nH]c4ccccc34)C2c2ccccn2)nc1,UFVYCCSRJXQLTF-UHFFFAOYSA-N
1,COc1ccc(C2C(C(=O)OCc3ccccc3)C(C)=Nc3nnnn32)c(C#N)c1,DWEFOPPCMXSOSC-UHFFFAOYSA-N
1,Cc1cccc(Nc2nc(NC3CC(F)(F)CCC3N)ncc2C(N)=O)c1,DNSZJAFGHJNCIE-UHFFFAOYSA-N
1,CN(C)C1=NCC(Cc2ccccc2)N1CCCC1CCCCC1,IVQNHHQASOYCQD-UHFFFAOYSA-N
1,CC1(c2cc(NC(=O)c3ccc(C#N)cn3)ccc2F)N=C(N)COC1F,XHHSQAOCTYSLLM-UHFFFAOYSA-N
1,Cc1ncccc1-c1nc2cn(-c3cccc(OC(F)F)c3)nc2c(=O)n1CC1CCCN(CC2CCCO2)C1,PBFIXCPNDGGMRZ-UHFFFAOYSA-N
1,O=C(CSc1ccc2nnc(-c3ccccn3)n2n1)NCc1ccc2c(c1)OCO2,CZJAIMJFUTZPQP-UHFFFAOYSA-N
1,CC(=O)C1CCN(CCOc2ccn(-c3ccc(Cl)c(Cl)c3)n2)CC1,VLUCTGXHNZESMM-UHFFFAOYSA-N
1,Cc1ccc(S(=O)(=O)CC2CC(N(C)C(C)C)CCC2N2CCC(NC(=O)c3cccc(C(F)(F)F)c3)C2=O)cc1,KPYWDUUGBKKBQA-UHFFFAOYSA-N
1,CC(C)N1CCN(C(=O)N(C)Cc2ccc(-c3ccccc3)cc2)CC1,IBDZHVJBQBHARX-UHFFFAOYSA-N
1,O=C(c1ccccc1OC(F)(F)F)N1CCC(N(C2CC2)S(=O)(=O)c2cccc(C(F)(F)F)c2)CC1,YNPRATQODWQQPG-UHFFFAOYSA-N
1,COCC1CCN(C(=O)C2CCN(c3nc(-c4ccccc4)nc4c3CCC4)CC2)C1,PGOJHZGQPJHNES-UHFFFAOYSA-N
1,CCC1CN(c2nc(N)c(-c3nnc(N(C)C)o3)nc2Cl)CCN1C1CCN(C(=O)c2ccc(Cl)nc2N)CC1,IRFUWVMQSIYRNE-UHFFFAOYSA-N
1,O=C(c1ccccc1)c1ccc(C(=O)N2CCN(c3ccc(F)cc3)CC2)o1,FMBCRSJKWVTHQT-UHFFFAOYSA-N
1,CC(C)c1csc(CN2CCN(CCc3ccccc3)C(CCO)C2)n1,GXYGMYVYRCYUNI-UHFFFAOYSA-N
1,CC(C)CC(COc1ccccc1)N1CCN(CCc2ccccc2)CCC1=O,DJDXKVAQPLDBJG-UHFFFAOYSA-N
1,CN1C=CC(c2ccccc2CC2CCNC2=O)=CC1,CUWASSVZVAQYSB-UHFFFAOYSA-N
1,COc1ccc(-n2c(SCC(=O)NCc3cccs3)nnc2-c2ccoc2C)cc1,UZTTYCZIXNNHEO-UHFFFAOYSA-N
1,CN1CCN(c2ccccc2CC2CCN(c3ccc(-c4ccncc4)cc3)C2=O)CC1,UASDPZILQVPPIH-UHFFFAOYSA-N
1,COc1ccc(CC2CN3C(=NCC3C(C)C)N2CC(C)NC(=O)c2ccc(C)c(Br)c2)cc1,QZIWSBDAUOASFY-UHFFFAOYSA-N
1,Nc1ccc(CCN2CCN(c3cccc(C(F)(F)F)c3)CC2)cc1,GAAKALASJNGQKD-UHFFFAOYSA-N
1,CCNc1nc2c(c(C(N)=O)n1)CN(C(=O)CCc1ccc(OC(F)(F)F)cc1)CC2,RJTJMAVCPOTSLB-UHFFFAOYSA-N
1,Cc1ccc(N2CCN(CCc3nc4cc(NC(=O)c5ccco5)ccc4n3C)CC2)cc1,NILACXQOPZTKMT-UHFFFAOYSA-N
1,CCCCN(C)C(=S)Nc1ccc2nc(N3CCN(CC)CC3)cc(C)c2c1,VVSHUHWQCFJNOL-UHFFFAOYSA-N
1,CC(=O)NCCc1ccccc1-c1ccc(C(CN)Cc2ccc(OCCOc3c(Cl)cc(C)cc3Cl)cc2)c(C)c1,QDWSBBOTCRPBCJ-UHFFFAOYSA-N
1,CCOc1ccc(N2C(=O)CC(N3CCN(C4CCc5ccccc5C4)CC3)C2=O)cc1,YBUROUGFUOVFDR-UHFFFAOYSA-N
1,Cc1ncc(OCC2(c3cc(F)cc(F)c3)CC2C(=O)Nc2ccc(F)cn2)c(C)n1,MBEDJOQGQILOOU-UHFFFAOYSA-N
1,CCCN1CCC(=O)N(C(CSc2ccc(OC)cc2)c2ccccc2)CC1,LTPMNMDUGIXHAK-UHFFFAOYSA-N
1,COc1ccc(NC(=O)c2cc(Cl)ccc2NC(=O)c2ccco2)c(OC)c1,JVRULJDJPNCHCE-UHFFFAOYSA-N
1,O=C(Nc1ccc(S(=O)(=O)N2CCCCCC2)cc1)c1ccco1,LZFOFBFQAVQLBZ-UHFFFAOYSA-N
1,Cc1cc(C)c(C)c(S(=O)(=O)Nc2ccccc2C(=O)NCCCN2CCOCC2)c1C,IRIKGZKNZSOKDY-UHFFFAOYSA-N
1,C=C1CC2CC1C1C(=O)N(CC3CCCCC3CN3CCN(c4nsc5ccccc45)CC3)C(=O)C21,KBMDHTADYSXHPZ-UHFFFAOYSA-N
1,CCC1(c2cccc(NS(C)(=O)=O)c2)C2CN(CCCC3(O)CCCCC3)CC21,XETMHMVSMOVVBI-UHFFFAOYSA-N
1,Cc1c(CN2CCC(CO)(CCOc3ccccc3)CC2)[nH]c2ccc(Cl)cc12,QFFCLOOUBDASLM-UHFFFAOYSA-N
1,CCN1CCN(c2nn3c(=O)c4ccccc4nc3c3ccccc23)CC1,JIXXDSXYICGICA-UHFFFAOYSA-N
1,Cc1ccc2c(N3CCN(CCc4cccc5c4ccc(=O)n5C)C(C)C3)cccc2n1,DEGNGOWCMPZWDE-UHFFFAOYSA-N
1,COc1ccc(C#N)cc1-c1ccnc(Nc2ccc(N3CCOCC3)c(OC)c2)c1,JKDVQSBZXOTCNO-UHFFFAOYSA-N
1,CCOC(=O)C1(CCc2ccccc2)CCN(Cc2ccc(NC(C)=O)cc2)CC1,VUXRYYSKTWDPLO-UHFFFAOYSA-N
1,COc1cc(-c2cn(C3CCc4ccccc4N(CCF)C3=O)nn2)ccc1-n1cnc(C)c1,FZHXXZPDCPJXBX-UHFFFAOYSA-N
1,Oc1ccccc1C1=Nc2ncnn2C(c2ccc(F)cc2)C1,BQASIGQKCIQFFB-UHFFFAOYSA-N
1,COc1ccc(CN2CCC(C(=O)Nc3ccc(Oc4ccccc4)nc3)CC2)cc1F,GMHPZRMQPJRBMJ-UHFFFAOYSA-N
1,N#Cc1ccc(OCC(=O)NCC2(N3CCCCC3)CCCCC2)cc1,BXKKCSMTTGFIFT-UHFFFAOYSA-N
1,COc1ccccc1Nc1nc(N)nc(CN2CCN(Cc3ccc4c(c3)OCO4)CC2)n1,ZQBGOXOXAGECKF-UHFFFAOYSA-N
1,CCOc1ccccc1NC(=O)C(NCC1(N2CCCCC2)CCCCC1)c1ccccc1,WHJCOBIQSLFYJH-UHFFFAOYSA-N
1,CCCCn1nc(C(=O)Nc2cccc(C(=O)NC3CC3)c2)c2ccccc2c1=O,QTUUHVJSUGAFNA-UHFFFAOYSA-N
1,CCOC(=O)C1CCN(C(C)C(=O)c2c(C)[nH]c3cc(C)ccc23)CC1,ZOTSXTWPWNFHMW-UHFFFAOYSA-N
1,O=C(NCC1(O)CCC(COc2cccc(Cl)c2)CC1)c1ccc(O)cc1,ZQJISDRYHFEXMJ-UHFFFAOYSA-N
1,CN1CCN(CC(=O)Nc2c(C(=O)c3ccccc3)oc3ccccc23)CC1,XFSKLMQOZIPOGJ-UHFFFAOYSA-N
1,CC(C)C(CN1CCC(C)(c2cccc(F)c2)C(C)C1)NC(=O)C1Cc2ccc(O)cc2CN1,KEJRXUQUXVOIHT-UHFFFAOYSA-N
1,Cc1ccc(-c2nnc(CCCCN3CC4CC4(c4ccc(C(F)(F)F)cc4)C3)n2C)cn1,XNMKSNLYJQYQSZ-UHFFFAOYSA-N
1,CC1CCN(CCCNC(=O)c2ccc(CSCc3cccc(Cl)c3)o2)CC1,JIOZLNOPICWVHE-UHFFFAOYSA-N
1,N#Cc1nc(COc2ccc(F)cc2)oc1N1CCN(Cc2ccccc2)CC1,KDBMTBGGSOYBFT-UHFFFAOYSA-N
1,CCOc1cccc(NC(=O)c2cccc(NC(=O)C3CCCC3)c2)c1,HHDGXMRWMSAWSO-UHFFFAOYSA-N
1,CCN1CCNC(C(=O)N2CCN(C(=O)Nc3ccc(Cl)c(Cl)c3)CC2)C1,ZROZNHFYOJBHID-UHFFFAOYSA-N
1,CCN1CCN(c2ncnc3scc(-c4ccc(C)c(C)c4)c23)CC1,YAFLHMNFMQBILY-UHFFFAOYSA-N
1,COc1ccc(Cl)cc1/N=C(\N)Nc1nc(C)cc(C)n1,PKPRNQDECQXHQO-UHFFFAOYSA-N
1,COc1ccccc1N1CCN(CCCCNS(=O)(=O)c2ccc(C)cc2)CC1,YMFRPPUSWRHMPF-UHFFFAOYSA-N
1,Cc1cc(C(N)=O)nn1-c1cccc(-c2c(C(F)(F)F)cccc2C(F)(F)F)c1,YFDSXQBECWIDKY-UHFFFAOYSA-N
1,COc1ccc(NC(=O)c2ccco2)cc1NC(=O)c1cccc(OC(C)C)c1,PRVLLHHEUALTPP-UHFFFAOYSA-N
1,NC(=O)C(NC1CCC(c2c[nH]c3ccccc23)CC1)C1CCN(C(=O)/C=C/c2c(F)cccc2F)CC1,QAGSVJPHOMMDJM-OUKQBFOZSA-N
1,COC1(c2cc(C(F)(F)F)cc(C(F)(F)F)c2)CCN(C2(c3ccccc3)CCC(N3CCC4(CCOC4)CC3)CC2)C1=O,WCNNBKIYWOWYQW-UHFFFAOYSA-N
1,Cc1ccc(NC(=S)N(CCCN2CCC(C)CC2)Cc2ccco2)cc1C,SRABAOQNRRWRGL-UHFFFAOYSA-N
1,CSc1cnc(NC(=O)C(CC2CCCC2)c2ccc(S(C)(=O)=O)c(Cl)c2)cn1,XHGUXJHPFQFDCQ-UHFFFAOYSA-N
1,CCN(CC)CCCNC(=O)c1[nH]c2ccccc2c1Sc1ccc(Cl)cc1,YNYCCCCIGYKPGZ-UHFFFAOYSA-N
1,Cc1nc(C)c(-c2nnc(SCCCN3CCC4CC4(c4ccc(C(F)(F)F)cc4)CC3)n2C)s1,HIVHEOCGLZASLB-UHFFFAOYSA-N
1,Cc1ccc(S(=O)(=O)Nc2cccc(C(=O)NCC3(N4CCCCC4)CCCCC3)c2)cc1F,CKRKDGSRGPCCPY-UHFFFAOYSA-N
1,CSc1ccccc1OCc1cc(C(=O)NCC(C)(C)N2CCOCC2)no1,YDYLYGFSWXIZCV-UHFFFAOYSA-N
1,N=c1nc(N)n(Cc2ccccc2C(F)(F)F)nc1-c1cccc(Cl)c1Cl,ZWHCNBGWXHQKLW-UHFFFAOYSA-N
1,CCC(=O)c1cc(F)ccc1OCC(=O)N1CCN(c2ccc(F)cc2)CC1,QKARRNTUMOYKQR-UHFFFAOYSA-N
1,CCc1ccc(S(=O)(=O)NC2c3cc(NC(=O)C4CCCN4Cc4cccc(Cl)c4)ccc3CCC2O)cc1,BFJDEOSAKWNDTO-UHFFFAOYSA-N
1,Cc1nc2ccccn2c1CN(C)C(=O)C1CCC(=O)N(CCc2cccc(F)c2)C1,ZAYGFBNSRVJAAK-UHFFFAOYSA-N
1,Cc1ccccc1CN1CCN(C(=O)c2cc(-c3ccncc3)nc3ccccc23)CC1,QKSVNBWCNXZWFH-UHFFFAOYSA-N
1,COCCN1CCCC(Cn2c(-c3ccccc3C)nc3cc(-c4ccc(Cl)cc4)sc3c2=O)C1,AHVNWELDVAWIPM-UHFFFAOYSA-N
1,O=C(c1cc(-c2ccc(Cl)cc2Cl)on1)N1CCN(C(=O)c2ccco2)CC1,SZROVVQEPDFVPN-UHFFFAOYSA-N
1,CSc1cccc(N2CCN(CCCNC(=S)Nc3ccc(F)cc3)CC2)c1,BEJVCYTZJSCWPG-UHFFFAOYSA-N
1,c1ccc(-c2nc(N3CCCCCC3)c3ccccc3n2)nc1,GDFHWMRKPNTHRO-UHFFFAOYSA-N
1,CC(C)C(=O)NC1CCc2ccc(CCN3CCN(c4nsc5ccccc45)CC3)cc21,NDCFZCPGTKKFMD-UHFFFAOYSA-N
1,C=Cc1ccc2c(c1)OCCOCCOCCOCCOCCO2,WMBFARVSOWVDII-UHFFFAOYSA-N
1,C=CCN(C(=O)Cc1ccc(Cl)cc1)C1CCN(CC2CN(C(=O)C3CCCC3)CC2(O)c2ccccc2)CC1,KNRRJCZEGGOTPL-UHFFFAOYSA-N
1,O=C(NCC(c1ccsc1)N1CCCCCC1)c1ccc(C(F)(F)F)cc1,HJNQYIKLYITOGQ-UHFFFAOYSA-N
1,CN(C)Cc1ccc2c(c1)CCC(N(C)C(=O)c1ccc(-c3ccc(Cl)cc3)cn1)C2,JGTFYTXGSPCVDN-UHFFFAOYSA-N
1,O=C(C1CCC1)N1CCN(c2ccnc3cc(Cl)ccc23)CC1,LQMPHJLROVSMNQ-UHFFFAOYSA-N
1,O=S(=O)(NCCCCN1CCC(c2noc3cc(F)ccc23)CC1)c1cccs1,BDBDYFWUCQEXEB-UHFFFAOYSA-N
1,COc1cccc(OCCOCC(O)CN2CCN(Cc3ccc(Cl)cc3)CC2)c1,YDRHHGWWKANBLI-UHFFFAOYSA-N
1,CCOc1ccccc1CN1CCN(CC2=Cc3cc(OC)ccc3OC2)CC1CCO,ODDAUEGZSNPDPQ-UHFFFAOYSA-N
1,CC(C)S(=O)(=O)N1CCN(c2ccnc3cc(Cl)ccc23)CC1,QZYBAPIBVUQAFH-UHFFFAOYSA-N
1,COCCOc1cccc(N2CCN(Cc3cccc(-c4cc5nc(-c6ccco6)nn5c(N)n4)c3)CC2)c1,YPLSAANPEOTTRA-UHFFFAOYSA-N
1,CC(C)c1nc(N2CCN(C(=O)c3ccco3)CC2)c(C#N)c2c1COC(C)(C)C2,WPQGUHNRZGOCOH-UHFFFAOYSA-N
1,CC1CCCN1CCc1ccc2nc(-c3ccc(C#N)s3)ccc2c1,MHAQFNSWCQLYOT-UHFFFAOYSA-N
1,CCCCN(CC)CCNC(=O)c1cc2cc3ccc(Cl)cc3nc2o1,NSUTZYWPPSGRMD-UHFFFAOYSA-N
1,CC(C)Cn1c(N2CCN(C(=O)c3cccs3)CC2)nc2ccccc21,PYHASHKYGXKFJD-UHFFFAOYSA-N
1,CC1CCCN1C1CCN(c2ccc(NC(=O)c3ccc(Cl)cc3)cc2)C1,HRBZUPUFDRNIMJ-UHFFFAOYSA-N
1,O=C(NC(=S)NC1CCN(Cc2ccccc2)CC1)c1ccc(F)cc1,OASVHPVKKHWSHO-UHFFFAOYSA-N
1,Cc1ccc(S(=O)(=O)Nc2cccc(C(=O)NC3CCN(Cc4ccccc4)CC3)c2)cc1F,DBCUBSHSBILWMT-UHFFFAOYSA-N
1,COC(C)(C)c1ccc(N2CCC(Cc3ccccc3N3CCN(C)CC3)C2=O)cc1,YGQWVNMSNMDPFQ-UHFFFAOYSA-N
1,COc1cc(-c2cn(C3CCc4c(ccc5ccccc45)N(CC(F)(F)F)C3=O)nn2)ccc1-n1cnc(C)c1,AMACJRIXBHCKJL-UHFFFAOYSA-N
1,CCOC(=O)c1cnc2c(OC)cccc2c1NCc1cccnc1,FDRJBILOGUCDCY-UHFFFAOYSA-N
1,O=C(NCc1cccs1)c1cc(S(=O)(=O)N2CCOCC2)c(Cl)cc1Cl,UXZGNBRLGLRPRH-UHFFFAOYSA-N
1,CC(C)(C)OC(=O)NC(Cc1ccc(F)cc1C(F)(F)F)C(=O)NCc1nc2cccnc2n1C1(c2ccccc2)CC1,LTKYNKZBIUIKIZ-UHFFFAOYSA-N
1,COCCCn1c(=N)c(C(=O)NCc2ccc3c(c2)OCO3)cc2c(=O)n3ccccc3nc21,QVCVYPWCJYUOSF-UHFFFAOYSA-N
1,N#Cc1ccc(OCc2cccc(S(=O)(=O)N3CCOCC3)c2)cc1,WGQPJNMJBARZFD-UHFFFAOYSA-N
1,CCOc1ccccc1OCC(=O)NN1Cc2ccccc2C1=N,YXHXLCLRRFPNLQ-UHFFFAOYSA-N
1,CC(C)(O)c1ccc(-c2nc(-c3ccc(F)cc3)oc2Sc2ccc(Cl)cn2)cn1,DBZMCSVIITXLCC-UHFFFAOYSA-N
1,O=C1CN(Cc2ccc(-c3ccc(F)c(CN4CCCCC4)n3)cc2)C(=O)N1CC(F)F,ALCVZCRKYSWLMJ-UHFFFAOYSA-N
1,c1cc2c(cc1-c1ccc(OC3CN4CCC3CC4)nn1)CCC2,YVYSDWDNODUQHL-UHFFFAOYSA-N
1,CCOC(=O)c1ccc(NC(=S)N(CCN2CCCCCC2)Cc2ccco2)cc1,JAACPTLVSQHMPO-UHFFFAOYSA-N
1,CSc1ccc(CN2CCC(CO)(CCOc3ccccc3)CC2)cc1,YQPVPIKWPWYLTD-UHFFFAOYSA-N
1,Cc1ccc(CN2CCN(Cc3cccc(-n4cccn4)c3)CC2CCO)cc1,SPVFETZQFJTFAQ-UHFFFAOYSA-N
1,Cn1c(CCN2CCCCC2)nc2cc(NS(=O)(=O)c3ccc(Cl)cc3)ccc21,SDBWRVJCURSACG-UHFFFAOYSA-N
1,CCC1CCCCN1CCCNC(=O)c1cn(CC)c2ccc(S(=O)(=O)N3CCc4ccccc4C3)cc2c1=O,OWNJZWDJIPHVPB-UHFFFAOYSA-N
1,N=c1c(C(=O)NCC2CCCO2)cc2c(=O)n3ccccc3nc2n1C1CCCC1,JQEAVWONIQJLNL-UHFFFAOYSA-N
1,C=CCN(C(=O)NCc1ccc(F)cc1)C1CCN(CC2CN(C(=O)C3CCCC3)CC2(O)c2ccccc2)CC1,IFBNGEQGWKVIJV-UHFFFAOYSA-N
1,O=C(c1cc(F)ccc1F)C1CCCN(Cc2cccn2-c2ccccn2)C1,QZHJZSRLDNFYRC-UHFFFAOYSA-N
1,COc1cccc(OCC(O)CN2CCc3ccccc3C2)c1,NYBUYXYXLYTMED-UHFFFAOYSA-N
1,CC(NC(=O)c1cc(S(=O)(=O)N(C)C)ccc1Cl)c1ccc(-n2ccnc2)cc1,GDYTXTQGUKGIHH-UHFFFAOYSA-N
1,Cc1ccc(-n2c(SCC(=O)NCc3cccs3)nnc2-c2ccoc2C)cc1,MXSBMTRMDLRBKY-UHFFFAOYSA-N
1,COc1ccc(CCn2c(=N)c(C(=O)NC3CCCC3)cc3c(=O)n4ccccc4nc32)cc1,XHBJRDDJOAHADX-UHFFFAOYSA-N
1,CCCn1c(=N)n(CC(O)COc2cccc(C)c2)c2ccccc21,GEYKFTXYMDPNPT-UHFFFAOYSA-N
1,CCOC(=O)N1CCC(CN2CCC3(CC2)CN(C(=O)N(CC)CC)c2ncccc23)CC1,RKFIEBSNVSQAJU-UHFFFAOYSA-N
1,Cc1c(Cl)cccc1Nc1nc(N)nc(CN2CCCCCC2)n1,KRBFPDJJGKQQAD-UHFFFAOYSA-N
1,COc1cc(/C=C/c2nc(NCc3ccccc3)c3c4c(sc3n2)CCC4)ccc1-n1cnc(C)c1,ABUSVPPSVYCGDS-WYMLVPIESA-N
1,CC1CN(c2nc(C(F)(F)F)no2)CCN1c1ncc(OCc2ccncc2C#N)cn1,JVGLCNLAIQFPNA-UHFFFAOYSA-N
1,Brc1ccc(CN2C3=NCCCN3c3ccccc32)cc1,APTWNHRYECXHPP-UHFFFAOYSA-N
1,Cc1nc2c3c(c(C(=O)N(C)C)cc2n1C)CCC(c1ccc2ccccc2c1)O3,MOZXITXIBRUEMM-UHFFFAOYSA-N
1,O=C1OCc2cc(CCN3CCN(CCc4ccc5c(c4)COC5=O)CC3)ccc21,PYUXNNYRCHVGKZ-UHFFFAOYSA-N
1,Cc1coc(C2CC3C(C)SC(N)=NC3(c3ccc(F)cc3F)CO2)n1,OAFBAMRSEZLVDJ-UHFFFAOYSA-N
1,O=S(=O)(Nc1cc(F)ccc1F)c1cccc2nonc12,SKLMLYILNLHCKQ-UHFFFAOYSA-N
1,N#Cc1ccc(OCC(=O)N2CCN(S(=O)(=O)c3cccc(Cl)c3)CC2)cc1,VGZPUDOZHSTULM-UHFFFAOYSA-N
1,Cc1ccc(Cn2c(=N)c(C(=O)NCC3CCCO3)cc3c(=O)n4cccc(C)c4nc32)cc1,DTLOIMRLQBDYSD-UHFFFAOYSA-N
1,O=c1[nH]c2ccccc2n1C1CCN(CCCOc2ccc(F)cc2)CC1,VNSQNNPGGZXQAN-UHFFFAOYSA-N
1,COC1OC2(CCN(Cc3ccccc3)C2)c2ccccc21,UESQXYVCMWWENY-UHFFFAOYSA-N
1,CC(C)(C)NC(=O)c1c[nH]c2ncc(-c3nn(CCCS(C)(=O)=O)c4ccc(OC(F)F)cc34)nc12,BSZVMKVCBNUVGR-UHFFFAOYSA-N
1,O=C1CCc2cc(F)ccc2N1CCCN1CCC(n2c(=O)[nH]c3ccccc32)CC1,NLKZCVSXHKODTA-UHFFFAOYSA-N
1,CCOC(=O)C1(CCOc2ccccc2)CCN(Cc2ccccc2OC)CC1,JCVYEZGDLBCUGR-UHFFFAOYSA-N
1,C=CCN(C(=O)Cc1ccc(OC)cc1)C1CCN(CC2CN(C(=O)C3CCCC3)CC2(O)c2ccccc2)CC1,IWCSEHMFNIZJCP-UHFFFAOYSA-N
1,Cc1occc1-c1ncc(OCC(N)Cc2c[nH]c3ccccc23)cc1-c1cnc2[nH]nc(C)c2n1,WVXVZSIOYIMDMF-UHFFFAOYSA-N
1,CC1CC(OC(C)c2cc(C(F)(F)F)cc(C(F)(F)F)c2)C(c2ccc(F)cc2)CC(=O)N1,JUCZGNXHCDAERA-UHFFFAOYSA-N
1,Cc1ccc(CCCCN2CCCCC2)cc1,ZJZNOPQUDXUEDU-UHFFFAOYSA-N
1,Cc1ccc2c(-c3nnc(SCCCN4CCc5nc6ccc(C(F)(F)F)cn6c5CC4)n3C)cccc2n1,KCLMHEWINSXASY-UHFFFAOYSA-N
1,COCC(C)COCc1ccc(C2(O)CCNCC2c2ccc(-c3ccccc3CCNC(C)=O)cc2C)cc1,QUFANDXAWBYANX-UHFFFAOYSA-N
1,COc1ccc(CN2CCC(c3nc4cc(Cl)ccc4[nH]3)CC2)cc1,IJRSEIDLNQDTRP-UHFFFAOYSA-N
1,COc1ccc(CN(C)CC(=O)Nc2ccc(SC(F)F)cc2)cc1OC,WCGGQYSELTUNLP-UHFFFAOYSA-N
1,O=C(COc1ccc(Br)cc1CNC1CCCC1)Nc1ccccc1,HFHQOEKSOSBYHA-UHFFFAOYSA-N
1,O=C(NN1CCCCC1)c1ccc2c(c1)N=C(c1ccc(Cl)s1)c1ccccc1S2,TVSQZIPXSGRTKN-UHFFFAOYSA-N
1,COCCCc1cc(CCCN2CCS(=O)(=O)CC2)c(Cl)c(CN(C(=O)C2CNCCC23OCc2cc(F)c(F)cc23)C2CC2)c1,UYULRDAPYWFIRZ-UHFFFAOYSA-N
1,COc1ccc(CCNCCCNc2c(Cl)cn[nH]c2=O)cc1OC,DZQOOBBQCZFCNW-UHFFFAOYSA-N
1,Cc1ccccc1N1CCN(CC2CCc3cccnc3C(O)C2)CC1,QVMYFGSETVJBSQ-UHFFFAOYSA-N
1,CCN(CC)CCN(C(=O)C1=COCCO1)c1nc2ccc(C)cc2s1,VWYHVYRXAYFNKU-UHFFFAOYSA-N
1,CN(C)CCC=C1c2ccccc2C=Cc2ccccc21,JURKNVYFZMSNLP-UHFFFAOYSA-N
1,CC1(O)CC(c2nc(-c3ccc4ccc(-c5ccccc5)nc4c3)c3c(N)nccn23)C1,PKCDDUHJAFVJJB-UHFFFAOYSA-N
1,NC1=NC2(CO1)c1cc(-c3cncc(OCC(F)(F)F)c3)ccc1OCC21CC1,PBIVNBDJISSSOF-UHFFFAOYSA-N
1,CCOC(=O)N1CCc2c(sc(NC(=O)CN3CCN(C)CC3)c2C(=O)Nc2ccccc2)C1,VRWABJBPIILMPW-UHFFFAOYSA-N
1,COCCNc1c(-c2cc3ccc(C)c(C)c3[nH]c2=O)nc2ccccn12,CGQMLXPJSVSKOK-UHFFFAOYSA-N
1,CN1CC2CC1CN2c1ncc(-c2ccc3occc3c2)cn1,PRASMQLZOLEZGH-UHFFFAOYSA-N
1,OC(COc1ccc(F)cc1Cl)CN1CCC(Cc2ccccc2)CC1,OLUMAWOALAGELM-UHFFFAOYSA-N
1,CCN(CC)CCN1C(=O)c2ccccc2NC1c1ccc(Br)cc1,BCRKWGHGOSJYJB-UHFFFAOYSA-N
1,CCN(c1ccccc1)S(=O)(=O)c1ccc(Oc2ccc(-n3ccnc3)cc2)nc1,YCNNKNRMQROWBW-UHFFFAOYSA-N
1,COc1ccc2ncc(F)c(CCC34CCC(NCc5nc6c(c(C)c5C(C)C)OCC(=O)N6)(CC3)CO4)c2n1,RXGAXXKHFJIDPU-UHFFFAOYSA-N
1,Cc1ccc(C(CNC(=O)Nc2ccc(Cl)cc2)N2CCN(C)CC2)cc1,ZBTFNMAUBVSRGO-UHFFFAOYSA-N
1,CC(=O)C1=NN2c3cc(C)ccc3OCC2C1(CCCN1CCOCC1)c1ccccc1,RUOOPFXWFLREEM-UHFFFAOYSA-N
1,COCCNc1nc(SCC(=O)N2CCN(c3ccccc3OC)CC2)nc2ccccc12,QZYUKXAAYPYSKY-UHFFFAOYSA-N
1,CCOC(=O)C1(CCc2ccccc2)CCN(Cc2ccc(O)cc2)CC1,QMPYROSAVMWCBZ-UHFFFAOYSA-N
1,OCC1(CCOc2ccccc2)CCN(Cc2c[nH]nc2-c2ccccc2)CC1,UQBKJSOULATTNF-UHFFFAOYSA-N
1,CCOCCCN(C)C1CCN(C(=O)c2oc3ccccc3c2NC(=O)COc2cccc(C)c2)CC1,GFXVDZRXPXHTOP-UHFFFAOYSA-N
1,Cc1c(CN(C)C)c2c(n1Cc1ccccc1)C(=O)c1ccccc1-2,GMSJLIWEQRALHY-UHFFFAOYSA-N
1,COc1ccc(C(=O)NC2CC2)cc1OC1CCN(Cc2ccc(F)cc2Cl)CC1,KLYCVHKEWQKVBA-UHFFFAOYSA-N
1,CCN(CC)Cc1c(O)ccc2occ(C(=O)c3ccccc3)c12,CMIITKOEUHPGGC-UHFFFAOYSA-N
1,Cc1ccc(/C(=C/CN2CCCC2)c2ccccn2)cc1,CBEQULMOCCWAQT-WQRHYEAKSA-N
1,CC1Cn2ncc(-c3ccc(S(C)(=O)=O)cc3)c2CN1c1ccnc2[nH]ccc12,UFZMEAYSFGBIBJ-UHFFFAOYSA-N
1,Cc1ncoc1-c1nnc(SCCCN2CCC3(c4cccc(C(F)(F)F)c4)CC3C2)n1C,MHPHRNFSAZNRAT-UHFFFAOYSA-N
1,O=C1CCc2cc(CCN3CCN(C(=O)Cc4ccc(-n5cnnn5)cc4)CC3)ccc21,VQPKBUFFFXCJLP-UHFFFAOYSA-N
1,O=C1CCc2ccccc2N1CCCN1CCC(c2ccc3[nH]ccc3c2)CC1,QJMDUKSLBFAKOC-UHFFFAOYSA-N
1,Cc1ccc(C)c(Cn2c3ccccc3c3cnn(CC(=O)NCCCN4CCCCC4)c(=O)c32)c1,UAEYEAYKSMVQPE-UHFFFAOYSA-N
1,Cc1ccc(-n2cc(CNCCCN3CCCC3=O)c(-c3ccc(F)cc3)n2)cc1,MCAVBRFFNSAJPF-UHFFFAOYSA-N
1,N=c1c2c(-c3ccccc3)c(-c3ccccc3)n(Cc3ccco3)c2ncn1Cc1ccco1,MXJJZHGJNKGDIC-UHFFFAOYSA-N
1,CCN1CCN(c2ncnc3c2c(-c2ccccc2)cn3-c2ccc(F)cc2)CC1,GHMZIXAPPXKQCY-UHFFFAOYSA-N
1,OC1CCN(CCCOc2nn(Cc3ccc(Cl)cc3)c3ccccc23)C1,ZXLWVFVZVIARGM-UHFFFAOYSA-N
1,CCc1ccc(NC(=S)N(CCN2CCCCC2)Cc2ccco2)cc1,QSLMLSQNEOTQTJ-UHFFFAOYSA-N
1,Cc1ncoc1-c1nnc(SCCCN2CCC3CC3(c3ccc(C(F)(F)F)cc3)CC2)n1C,FOUYNUWEFKTMDR-UHFFFAOYSA-N
1,O=C1NCC2(CCN(CCc3ccccc3)CC2)O1,FVNFBBAOMBJTST-UHFFFAOYSA-N
1,Cc1cc2oc(=O)cc(CN3CCN(C/C=C/c4ccccc4)CC3)c2cc1O,NHRRIBVIKCYWCH-VMPITWQZSA-N
1,Cc1nc(C(F)(F)F)ccc1-c1nnc(CCCCN2CC3CC3(c3ccc(C(F)(F)F)cc3)C2)n1C,GUTVLFHYHYLZGQ-UHFFFAOYSA-N
1,Cn1c(CCCCCN2CC3CC3(c3ccc(C(F)(F)F)cc3)C2)nnc1-c1ccccc1Cl,NBNPHFSVDRKHTO-UHFFFAOYSA-N
1,COc1ccc(CN2CCC(N(CCc3ccccc3)Cc3ccccc3)CC2)c(OC)c1,IOMRUVGLZCUFRT-UHFFFAOYSA-N
1,C=CCN(C(=O)OCc1ccc(F)cc1)C1CCN(CC2CN(C(=O)C3CCCC3)CC2(O)c2ccccc2)CC1,ZLICCGHJXNURPA-UHFFFAOYSA-N
1,CCOC(=O)C1CCN(CCC(=O)Nc2cc(C)cc(C)c2)CC1,JHALSLBAXTWTGD-UHFFFAOYSA-N
1,CC(=O)c1cccc(F)c1-n1cc(CN2CCC3(CC2)OCC(F)(F)c2cc(Cl)sc23)c(C)n1,ALDFBAMFJCZMRT-UHFFFAOYSA-N
1,CCOc1cccc2sc(N(CCCN(C)C)C(=O)Cc3ccccc3)nc12,MPLLVNFWQMWBEW-UHFFFAOYSA-N
1,O=C(c1cc(-c2ccc(Cl)cc2)n(-c2ccc(Cl)cc2Cl)n1)N1CCOCC1,XSEQOGQIYHGHNU-UHFFFAOYSA-N
1,Cc1ncsc1-c1nnc(CCCCN2CC3CC3(c3ccc(C(F)(F)F)cc3)C2)n1C,HAHZLWYQUYPOMW-UHFFFAOYSA-N
1,Cc1nn(CC(=O)NCCCN2CCC(Cc3ccccc3)CC2)c(=O)c2cc(-c3ccccc3)nn12,ZDRRLKRLSHZVEC-UHFFFAOYSA-N
1,COc1ccccc1NS(=O)(=O)c1cc(N2Cc3ccccc3C2=N)ccc1N1CCOCC1,XOYUXBQBHJCRMD-UHFFFAOYSA-N
1,CCOC(=O)N1CCC(NC(=O)C2CCCN(Cc3nc(-c4cccc(Cl)c4)oc3C)C2)CC1,AUGUBBXUTRDLNA-UHFFFAOYSA-N
1,COc1ccc2cc(C(C)C(=O)O)ccc2c1,CMWTZPSULFXXJA-UHFFFAOYSA-N
1,Cc1c(NC(=O)c2ccc(OCC3CC3)cc2)ccc2cc(C(C)NCC(C)(C)O)cnc12,MRIYVMHCGWNLAX-UHFFFAOYSA-N
1,CC(=O)Nc1cccc(C2CCN(Cc3ccc(C(=O)c4nc5ccccc5n4-c4ccc(Cl)cc4)cc3)CC2)c1,ADQFOTNYOVDLON-UHFFFAOYSA-N
1,CCCCCCCn1c2c(c(=N)c3ccccc31)CCC2,HUZQBXSOUPNPEM-UHFFFAOYSA-N
1,CN1CCN(c2nc3ccccc3nc2C(C#N)C(=O)OC2CCCCC2)CC1,WMQLPZYEQUYZNX-UHFFFAOYSA-N
1,COc1cccc(CN(C)CC2CCCN(CCc3ccccc3C)C2)c1,FWYQXRWQFDPBIS-UHFFFAOYSA-N
1,O=C(Nc1cccc(C(c2ccc(C(=O)N3CCC3)cc2)N2CCN(Cc3ccc(F)cc3)CC2)c1)C1CC1,LYTCXQWSMLSBBT-UHFFFAOYSA-N
1,CC(=O)c1cccc(NC(=O)c2ccc3c(=O)n4c(nc3c2)CCCCC4)c1,DZTMWPYHXDUZOD-UHFFFAOYSA-N
1,COc1ccc(C(=O)NCC(=O)N/N=C/C=C/c2ccccc2)cc1OC,RIMTUNZGJJUFDC-OGMQXUJQSA-N
1,NC1=NC2(CO1)c1cc(-c3cc(Cl)cnc3F)ccc1OCC21CC1,YLFDDYWNYJPIAU-UHFFFAOYSA-N
1,Cc1cc(C)cc(-c2cc3cc(C(=O)NC(C)(C)C)ccc3n2CC(C)O)c1,CELTXAXVXKSEGR-UHFFFAOYSA-N
1,CN1CCN(CCCN(C(=O)Nc2ccc(F)c(C(F)(F)F)c2)C2CCC3(c4ccsc4)CC23)CC1,KUEKCOBCKTZYMK-UHFFFAOYSA-N
1,CC(Cc1ccc(C=O)cc1)NCC(O)c1ccc(O)c(NCO)c1,KQYRMZUHUNAFOD-UHFFFAOYSA-N
1,CCC1CCCCN1C(=O)CSc1nc2ccsc2c(=O)n1Cc1ccccc1,FKKUQQDCWQLGOI-UHFFFAOYSA-N
1,CCOCC(CC(C)C)NC(=O)C1CNCC(C(=O)N(c2ccc(C(C)C)cn2)C2CC2)C1,BEFPCHYIIJYUFW-UHFFFAOYSA-N
1,COc1ccc(CCNC(=O)c2cc3c(=O)n4ccccc4nc3n(CCCN3CCOCC3)c2=N)cc1,GKQOJHRYHPPXOB-UHFFFAOYSA-N
1,Cc1ccc(C2(O)CCN(C(C)C(O)c3ccc4c(c3)CCC(=O)N4)CC2)cc1,DSRUIFDXWAYHHS-UHFFFAOYSA-N
1,Cc1nnc(C(C)C)n1C1CC2CCC(C1)N2CCC(NC(=O)C1CCC1)c1ccccc1,XRINECGRTXQARS-UHFFFAOYSA-N
1,O=C(CCS(=O)(=O)c1ccc(Cl)cc1)N1CCN(c2ccc(F)cc2)CC1,IFZVYRFMBKVNHQ-UHFFFAOYSA-N
1,COc1ccc(CC(=O)N2CCC(Nc3nc4ccccc4n3Cc3ccc(F)cc3)CC2)cc1,OYZIARHZUUOVRK-UHFFFAOYSA-N
1,FC(F)(F)c1c(N2CCC(c3ccccc3)CC2)ccn2c(CC3CC3)nnc12,BQAVZGJJQFJSMW-UHFFFAOYSA-N
1,COc1ccc2nccc(NC(=O)C3CCC(NCc4cc5c(cn4)OCCO5)CO3)c2n1,HDUOQGPJPLEPTI-UHFFFAOYSA-N
1,O=C1NCCc2nc(-c3ccc(CN4CCC(c5n[nH]c(-c6ccccn6)n5)CC4)cc3)c(-c3ccccc3)cc21,CWDGPBQWSLGFNO-UHFFFAOYSA-N
1,COc1cc(/C=C2\CCCN3CCC(c4cc(F)cc(Cl)c4)ON=C23)ccc1-n1cnc(C)c1,GYAZOBIEKWKUTN-VXLYETTFSA-N
1,Cc1cc(Nc2[nH]nc(N)c2C#N)ccc1F,NIKFVJNQNOCOIO-UHFFFAOYSA-N
1,CCN(CC(=O)NCc1ccc(Cl)cc1)C(=O)CSCC(=O)Nc1ccc(C)cc1,VDEGNSIMWIUQEQ-UHFFFAOYSA-N
1,CN1C(=O)CN(Cc2ccc(-c3cccc(CN4CCCCC4)n3)cc2)C1=O,IPQGNHCGMASCIK-UHFFFAOYSA-N
1,CN(C)C(=O)C1CC2(CCN(c3cc(N)ccn3)CC2)c2ccccc21,ZUCLPYSGDNZUOF-UHFFFAOYSA-N
1,Cc1ccc(-c2cc(C(=O)N3CCCc4ccccc43)no2)cc1,UWPVCRCVQCPTCT-UHFFFAOYSA-N
1,CC(Oc1ccc(F)cc1)C(=O)Nc1nc(-c2ccccn2)cs1,DHLYKKSSPYHOIU-UHFFFAOYSA-N
1,N=c1c(C(=O)NCc2ccc(F)cc2)cc2c(=O)n3ccccc3nc2n1Cc1ccco1,HDVUAGRUGJCLIM-UHFFFAOYSA-N
1,CN(C)CCCN(C(=O)CCc1ccccc1)c1nc2ccc(F)cc2s1,XOKBEUCCYARKNK-UHFFFAOYSA-N
1,Nc1nc(-c2ccccc2)c2c(n1)-c1c(cccc1N1CCCCC1)C2=O,NTRUVFRWPGFMBC-UHFFFAOYSA-N
1,O=C1CCN(CCc2ccccc2)CCN1C(COc1ccccc1)Cc1ccccc1,LNFIOWKUVKUCNC-UHFFFAOYSA-N
1,OC(COC(c1ccc(Cl)cc1)c1ccc(Cl)cc1)CN1CCCC1,MZRNPVMMFFYDMP-UHFFFAOYSA-N
1,CC(=O)Nc1cccc(C2CCN(Cc3ccc(C(=O)c4nc5ccccc5n4C4CCOCC4)cc3)CC2)c1,VCBWUFDWEUOZAT-UHFFFAOYSA-N
1,CC1CCCN(CC(O)COc2ccc(-c3ccccc3)cc2)C1,WQSJKFDKTGKSBV-UHFFFAOYSA-N
1,Cn1cc(-c2ccc3c(c2)[nH]c2c(C(N)=O)cnc(NC(C4CC4)C(F)(F)F)c23)cn1,KFXMLXYIPRAORY-UHFFFAOYSA-N
1,CC(c1ccc(C(=O)NCCC(=O)O)cc1)n1nc(-c2cc(Cl)cc(Cl)c2)cc1-c1ccc2cc(C(F)(F)F)ccc2c1,QMZREIRRGCJPTH-UHFFFAOYSA-N
1,CC(CCN1C(Nc2ccccc2)=NCC1Cc1ccccc1)c1ccccc1,FCZGBLOBPUZQRI-UHFFFAOYSA-N
1,COc1ccccc1N1CCN(C(=O)c2cccc(S(=O)(=O)N3CCCCCC3)c2)CC1,LGELQIBFLZVTFQ-UHFFFAOYSA-N
1,COc1ccc(CCN(C)CCCN2CC(c3ccccc3)CC2=O)cc1OC,RAAIBDBQPDXSSB-UHFFFAOYSA-N
1,O=C(CSc1nnc(-c2ccco2)n1-c1ccccc1)NCc1ccc2c(c1)OCO2,XVXQZOCGWOXFAR-UHFFFAOYSA-N
1,CC1CC(C)CN(CC(O)COCCOc2ccc(Br)cc2)C1,CYYQCICIVGWIRA-UHFFFAOYSA-N
1,Cc1ccc(Cl)cc1NC(=O)COC(=O)C1CCCC1,XRHUYPCNVHEFFW-UHFFFAOYSA-N
1,Cc1nsc(-c2nnc3n2CCN(C(=O)c2ccc(-c4cccs4)cc2)C3C)n1,DHRKQJQSMYHSPN-UHFFFAOYSA-N
1,NC(=O)c1cnc(NC(C2CC2)C2CC2)c2c1[nH]c1cc(-c3cnc(N)cn3)ccc12,AJAZCQSMDCWFSC-UHFFFAOYSA-N
1,Clc1ccc(OCCNCCc2ccccc2)cc1,IHDIKQRKAVOCBM-UHFFFAOYSA-N
1,CC(C)(CN)C(=O)N1CC(c2cc(F)ccc2F)=CC1c1ccccc1,ZPUWHZPEHISDSA-UHFFFAOYSA-N
1,CNc1cc(Nc2cnc(C#N)c(OC(C)CN(C)C)n2)ncc1C#CC(C)(C)O,DUAIKRSCDYZBNR-UHFFFAOYSA-N
1,N#Cc1ccc(Cn2cncc2CN(CCCc2ccccc2)C2CCN(Cc3ccccc3)C2=O)cc1,IZVROLMEXNRNHZ-UHFFFAOYSA-N
1,CC(Oc1ccc(S(C)(=O)=O)cc1C(=O)N1Cc2ccc(C(F)(F)F)cc2C1)C(F)(F)F,ZJTJVQCPJFQLHB-UHFFFAOYSA-N
1,Cc1cc(Cl)ccc1OC1CCN(CC(O)CNC(=O)c2c[nH]c(=O)cc2C(F)(F)F)CC1,ODKRBJGIPOQDPJ-UHFFFAOYSA-N
1,Cn1cc(C2(c3noc(CN)n3)NC(c3nc(-c4ccc(F)cn4)c[nH]3)Cc3c2[nH]c2ccccc32)cn1,LYJJAIFGVKPDRA-UHFFFAOYSA-N
1,C=CCN(C(=O)OCc1ccc2nonc2c1)C1CCN(CC2CN(C(=O)C3CCCC3)CC2(O)c2ccccc2)CC1,FVLUABNJOZKWTR-UHFFFAOYSA-N
1,COC(=O)c1cc(S(=O)(=O)NCC2CCN(Cc3ccc(Cl)cc3)CC2)c[nH]1,VXTVMMYNTWNSEZ-UHFFFAOYSA-N
1,NC1=NC2(CO1)c1cc(-c3cnc4[nH]ccc4c3)ccc1OCC21CC1,WAWSJFFWUYSZHD-UHFFFAOYSA-N
1,Cc1cccc2c1-c1sc(C(=O)NCCCN3CCC(C)CC3)cc1CO2,FOWYYMLXYFXURW-UHFFFAOYSA-N
1,CCOC(=O)C1CCN(CCCSc2ccc(Cl)cc2)CC1,KMHCWJDROUBKMS-UHFFFAOYSA-N
1,N#Cc1cccc(CCN2CCN(C(=O)Cc3ccc(-n4cnnn4)cc3)CC2)c1,PWPQHTHIFAKRKV-UHFFFAOYSA-N
1,CCCn1c2ccccc2c2cnn(CC(=O)N3CCN(C4CCCCC4)CC3)c(=O)c21,LMFMJMOUKFIFLS-UHFFFAOYSA-N
1,CCN(CC)CCn1c2c(c(SCC(=O)Nc3ccc(C)c(F)c3)nc1=O)CCCC2,WKXOOOURGRMHOJ-UHFFFAOYSA-N
1,Cc1cc(N2CCN(C)CC2)ccc1NC(=O)c1ccc(-c2ccc(Cl)cc2)o1,PKMGMNUTKUDDHG-UHFFFAOYSA-N
1,N=c1nc(N)n(Cc2cccc(F)c2)nc1-c1cccc(Cl)c1Cl,XEWSBEOUCPJRQO-UHFFFAOYSA-N
1,Cn1c(CCCCN2CC3CC3(c3ccc(C(F)(F)F)cc3)C2)nnc1C(C)(C)C,ZBCYESWVOMJSMP-UHFFFAOYSA-N
1,Cc1cc(Cl)c2oc(C(=O)N3CCN(c4ccncc4)CC3)c(C)c2c1,ISDZPMGIXQBLRG-UHFFFAOYSA-N
1,c1cc(-c2cnc3c(c2)CC2(CN4CCC2CC4)O3)co1,JIZUYTTWXWPPBM-UHFFFAOYSA-N
1,O=C(Nc1ccc(Cl)c(Cl)c1)N1CCN(CC2CCCN(CCc3ccccc3)C2)CC1,GRDNNNQJCZJMHL-UHFFFAOYSA-N
1,O=C(c1ccc(OC2CCN(C/C=C/c3ccccc3)CC2)cc1)N1CCCC1,QQIKROPDRGXMEH-RMKNXTFCSA-N
1,COc1cccc(CN2CCN(C3CCN(c4ccccc4F)CC3)CC2CCO)c1,CAOHKWDKHJCSRC-UHFFFAOYSA-N
1,COc1cc2c(cc1CCN1CCN(C(=O)Cc3ccc(-n4cnnn4)cc3)CC1)COC2=O,YUCYZHCUXJZMKT-UHFFFAOYSA-N
1,OC1(c2ccc(Cl)cc2)CCN(Cc2c[nH]nc2-c2ccccc2)CC1,ZXQHRBFBUMIXGG-UHFFFAOYSA-N
1,CC1CCN(CCCCOc2ccccc2-c2ccccc2)CC1,MRZZAIYUACOFLA-UHFFFAOYSA-N
1,Cc1cc(C(=O)C(C)OC(=O)C2=NNC(=O)CC2)c(C)n1-c1ccc(OC(F)F)cc1,NJEHEIBYRBXDAQ-UHFFFAOYSA-N
1,O=C1OCC2=Nc3n[nH]cc3CC12,BNTMQFFCKRWGMZ-UHFFFAOYSA-N
1,Cc1ccc(CNC(=O)CSc2nc3c(sc4ccccc43)c(=O)n2CCCN2CCCC2)cc1,CJSRHKKCGJFMKE-UHFFFAOYSA-N
1,C#Cc1ccc(CN2CCC(N3CCC(C(=O)NCc4ccccn4)CC3)CC2)cc1,JDVXYDXADAHSOV-UHFFFAOYSA-N
1,O=C(CN1CCN(C(=O)c2ccccc2)CC1)Nc1ncc(Br)cc1Br,KHFZHDTUQNYQFQ-UHFFFAOYSA-N
1,Cc1nc2ccccc2n1C1CC2CCC(C1)N2CCC1(c2ccccc2)CCN(C(=O)C(C)(C)C)CC1,SBQOMISLKZTLHT-UHFFFAOYSA-N
1,CC1CN(C(=O)CCC(=O)NCCCN2CCN(Cc3ccccc3)CC2)c2cc(Cl)ccc2O1,STFRTILQSUIZEX-UHFFFAOYSA-N
1,O=C(CN1CCN(CC(=O)Nc2ccc(OCc3ccccc3)cc2)CC1)Nc1ccc(F)cc1,HNNGXHUJJLTWOR-UHFFFAOYSA-N
1,O=C(Nc1ccc(Cl)c(Cl)c1)N(Cc1cccnc1)Cc1ccco1,RWZIQOTVJDJVNI-UHFFFAOYSA-N
1,O=C(c1ccc(N2CCN(C(=O)c3ccccc3)CC2)cc1)c1cccc(F)c1,VBNDDKRLJXHRTH-UHFFFAOYSA-N
1,O=C(NC(c1ccccc1)c1ccccc1)C1CCC(N2CCOCC2)CC1c1ccc(Br)cc1,FHIVYCWZQDBZIS-UHFFFAOYSA-N
1,CCN(CC)CCCNC(=O)c1cn(CC)c2ccc(S(=O)(=O)N(C)C3CCCCC3)cc2c1=O,WCYHJLZJHHBPLZ-UHFFFAOYSA-N
1,O=C1c2ccc(-c3ccncc3)cc2CCN1CCN1CCCC1,OYOUUSCAVHSQKA-UHFFFAOYSA-N
1,O=C(CN1CCN(S(=O)(=O)c2ccc(Br)cc2)CC1)c1ccc(O)c(O)c1,MEYDUKGABNYNCY-UHFFFAOYSA-N
1,COc1cc(CN(C)CCc2ccccc2)ccc1OCc1ccccc1,YYDFKGJINPKQQQ-UHFFFAOYSA-N
1,CCOC(=O)C1CCCN(Cc2nc(N)nc(Nc3ccccc3OC)n2)C1,SWZNJKPWJTWCFQ-UHFFFAOYSA-N
1,CN(C)C(=O)C1CC(Nc2nc(-c3ccccc3O)nc3ccccc23)CN1,UQMQLMUUUGBCKS-UHFFFAOYSA-N
1,COc1ccc(Cl)cc1Nc1cc(C)nc2ccccc12,HMHHUMVQIYDIGA-UHFFFAOYSA-N
1,O=C(Nc1ncc2c(n1)CC(c1ccc(Cl)cc1)CC2=O)c1ccco1,CXUZTRUGBIYBLD-UHFFFAOYSA-N
1,NC(=O)c1ccccc1OC1CC2CCC(C1)N2Cc1ccccc1,VZUNLOUVARCFRX-UHFFFAOYSA-N
1,CN(C)CCNC(=O)/C(=C/c1ccc(-c2cccc(Cl)c2)o1)NC(=O)c1ccccc1,AEUWMQFRJPQDEX-PGMHBOJBSA-N
1,CC(C)N1CCCC(CN2CCN(C(=O)Nc3ccc(Cl)c(Cl)c3)CC2)C1,MRWPMHPRTUDIMC-UHFFFAOYSA-N
1,OCC1(N2CCN(C3CCc4ccc(OCc5noc(-c6ccc(Cl)cc6)n5)cc43)CC2)CCCC1,GPSVSZZDAKVKII-UHFFFAOYSA-N
1,Cc1cc(C(=O)N(C)CC2CCCN(CCc3ccc(F)cc3)C2)c(C)o1,FTWTVHXTNSSLRC-UHFFFAOYSA-N
1,COc1ccc2ccc(=O)n(CC(O)C3CCC(NCc4cc5c(cn4)OCS5)CO3)c2n1,KKROBJNODXXVBG-UHFFFAOYSA-N
1,Cc1ccccc1C(=O)NC1CC2CCCC(C1)N2Cc1ccc(Cl)cc1,WKXQXTNZXKIBOU-UHFFFAOYSA-N
1,CC(c1ccc(-c2ccc(F)cc2)cc1)C(N)C(=O)N1CCC(F)C1,BFIKQYQPKFNDJQ-UHFFFAOYSA-N
1,CN(C)Cc1ccc2c(c1)CCC(N(C)C(=O)c1ccc(-c3ccc(F)cc3)nc1)C2,ONJIDPSNVZIKJS-UHFFFAOYSA-N
1,Cc1ccc(NC(=O)CCN2CCN(C/C=C/c3ccccc3)CC2)cc1,OTRXMCGDEVYTFQ-VMPITWQZSA-N
1,COc1ccc(CNCCC(c2ccc(F)cc2)c2ccc(OC(C)C)cc2)cc1OC,JSDVJMOIUAOCKP-UHFFFAOYSA-N
1,CC(C)CNCc1ccc(-c2ccccc2S(=O)(=O)N2CCCC2)cc1,OWVIKBRKPCTDEP-UHFFFAOYSA-N
1,COC1CCN(CCn2ncc3cc(-n4ccc(OCc5ccccc5)cc4=O)ccc32)C1,YZVQCOSNDJIKGZ-UHFFFAOYSA-N
1,C=CCOc1ccccc1CN1CCC(CO)(CCOc2ccccc2)CC1,RKVLWPQWFUIKJM-UHFFFAOYSA-N
1,CCN(C(=O)COC(=O)c1cn(-c2ccccc2)nc1-c1ccccc1)C1CCS(=O)(=O)C1,MEYBEOTWBFYSIA-UHFFFAOYSA-N
1,CCN(CC)c1cc(C)c2cc(NC(=O)c3ccc(Br)o3)ccc2n1,IZCJMEWSRTWZMW-UHFFFAOYSA-N
1,CC1(CCc2ccc3c(c2)OCO3)NCCc2c1[nH]c1ccccc21,CHIDPNJZRBQMMV-UHFFFAOYSA-N
1,CCCc1nn(-c2nc3ccccc3s2)c(O)c1/C=N/CCCN(CC)CC,AUDPRFBFZFCPOL-PXLXIMEGSA-N
1,Cc1ccc(S(=O)(=O)NNC(=O)c2ccoc2C)cc1,QCNKEFJIYGAKOV-UHFFFAOYSA-N
1,COc1nc(N2CC3C(=O)N(C)C(N)=NC3(c3cc(F)ccc3F)C2)nc(C2CC2)c1F,YJTNCACNJPPCAZ-UHFFFAOYSA-N
1,OCC(Cc1ccccc1)Nc1c2ccccc2nc2ccccc12,YQERUHCZCMOPQN-UHFFFAOYSA-N
1,CCc1ccc(CN(C)C(=O)C2CCC(=O)N(CCc3ccc(OC)cc3)C2)nc1,PKGPFXRXDFVVJZ-UHFFFAOYSA-N
1,c1ccc(-n2cc(CN3CCCC3)c(-c3ccc4c(c3)OCO4)n2)cc1,DILXXPPGOXTRJK-UHFFFAOYSA-N
1,CCN(CC)CCOC(=O)c1ccc(NC(=O)/C=C/c2cccs2)cc1,LQBFKWWICDAFMT-VAWYXSNFSA-N
1,N#Cc1ccccc1Oc1ccc(S(=O)(=O)N2CCCCC2)cn1,MXBOMRBTMIYFPL-UHFFFAOYSA-N
1,Cc1ccc(Cn2c(SCCN3CCCCC3)nc3c2c(=O)n(C)c(=O)n3C)cc1,WZFNMLSFEYKFES-UHFFFAOYSA-N
1,COc1cc(O)c(C(CCN2CCCCC2)c2ccc3c(c2)OCO3)c(OC)c1,HSBWMLCASGEDSE-UHFFFAOYSA-N
1,CCCCCOc1ccc(NC(=O)C(=O)NCC2CCCN2CC)cc1,CFPPNQFXZOSOJE-UHFFFAOYSA-N
1,COc1ncc(-c2ccccc2CCNC(=O)c2ccc(OCCC(F)(F)F)nc2)cn1,YQIBYOQCHNPMPP-UHFFFAOYSA-N
1,COc1ccc(C2=Nn3c(nnc3-c3ccncc3)SC2)cc1OC,FCZRGYLWLUFHGZ-UHFFFAOYSA-N
1,Fc1ccc(C2CCN(c3ccn4c(CC5CC5)nnc4c3C(F)(F)F)CC2)c(F)c1,OYQKQASXFZFMKT-UHFFFAOYSA-N
1,Nc1nnc(SCC(=O)Nc2ccc(F)c(Cl)c2)n1-c1ccccc1,YGDOMLUEIAXTEU-UHFFFAOYSA-N
1,CCOC(=O)c1c(CSc2ccsc2)n(C)c2cc(Br)c(O)c(CN(C)C)c12,LJECYISEUVKVSC-UHFFFAOYSA-N
1,O=C(N/C(=C\c1ccc(Br)cc1)C(=O)N1CCCC1)c1ccccc1F,MRWIXRGKPDWRDG-AQTBWJFISA-N
1,COc1ccc(N2CCN(C(=O)c3ccc(C)c(NC(=O)c4ccco4)c3)CC2)cc1,JGDZBCYFPJWGBO-UHFFFAOYSA-N
1,COc1cc(CN2CCC(n3nccc3NC(=O)c3ccccc3OC)CC2)ccc1F,TZQOYTDJDVVKHU-UHFFFAOYSA-N
1,CCCc1cc(=O)oc2c(C)c(OCC(=O)NCCCn3ccnc3)ccc12,SJTXGLDDFQWCCG-UHFFFAOYSA-N
1,Cn1nc(-c2cccc(-c3ccccc3)c2)c(=N)nc1N,LSPQQBSFMKUAEB-UHFFFAOYSA-N
1,CCNC(=O)C1CC(n2cnc3c(NC(CC)Cc4sccc4Cl)ccnc32)C(O)C1O,DNPNXAXAKNFJDD-UHFFFAOYSA-N
1,CC(Cc1c(F)c(F)cc(F)c1F)Nc1cc[nH]c(=O)c1-c1nc2cc3c(cc2[nH]1)CN(CCN(C)C)C3=O,LRJJEMRURFIKDD-UHFFFAOYSA-N
1,COc1ccc(OC)c(CN2CCN(S(=O)(=O)c3ccccc3)CC2)c1,DLLSZWYQHKDOEW-UHFFFAOYSA-N
1,CN1CCN(C2Cc3ccccc3Sc3cc(C(F)(F)F)ccc32)CC1,LYSTXBLNUSUUQY-UHFFFAOYSA-N
1,C=CCn1cc(CN2CCC(C(=O)Nc3cccc(-c4cccc(Cl)c4)c3)CC2)c(C)n1,QTDMWNSQXGCHID-UHFFFAOYSA-N
1,O=C1NC(=O)C(Cc2coc3ccc(Cl)cc3c2=O)S1,HFARBHYZTFLIOC-UHFFFAOYSA-N
1,O=C(NCCCNc1nc2ccccc2[nH]1)c1cc(Cl)cc(Cl)c1,MPECPOWHZVAYGQ-UHFFFAOYSA-N
1,Cc1c(-c2ccc(Cl)cc2)noc1-c1ccc2cc(CCN3CCCC3C)ccc2n1,PBKPCQGTLBWXBQ-UHFFFAOYSA-N
1,Cc1ccc2c(CN3CCN(Cc4ccccc4)CC3)cc(=O)oc2c1,CWOTYDZTMYXDCE-UHFFFAOYSA-N
1,CCC(=O)NC1CCc2cc(CCN3CCN(c4nsc5ccccc45)CC3)ccc21,BNPYZAAZLNWAPS-UHFFFAOYSA-N
1,Cn1c(C(=O)N2CCN(c3ccc(Cl)cc3)CC2)cc2c(=O)[nH]c3ccccc3c21,XFNSRFBWAHYTEY-UHFFFAOYSA-N
1,CC(=O)NCCNC(=O)c1ccc(O)cc1OCC(O)CN1CCC2(CC1)Cc1cc(Cl)ccc1O2,FRCSGPIZMKPBKK-UHFFFAOYSA-N
1,CCOc1cc(CN2CCN(c3ccc(C(=O)NC)cc3C)CC2)cc2c1OC(C)C(=O)N2,JSXWZGIORINZQT-UHFFFAOYSA-N
1,CCOC(=O)N1CCN(C(=O)Cn2cc3c(n2)CCCC3)CC1,MPVJXVLTCCVDNG-UHFFFAOYSA-N
1,Cc1ccc(Cl)c(OCC(=O)NC2CCN(Cc3ccccc3)CC2)c1,GVQXOJZYXJOGBQ-UHFFFAOYSA-N
1,COc1ccccc1C(=O)Nc1c(C(=O)N(CCN(C)C)Cc2ccco2)oc2ccccc12,ORIYKQFGMBWPQQ-UHFFFAOYSA-N
1,COc1ccc(C2CC(=O)C=C(c3cccc(OC)c3)C2)cc1,HZIQQJMBLMRMQF-UHFFFAOYSA-N
1,Cc1ccc(C)c(CN2CCC(CNC(=O)Nc3ccc(C)c(C)c3)CC2)c1,MMTVHRGDWDZSIP-UHFFFAOYSA-N
1,CN(C)C(=O)C(c1ccc(-c2ccc(F)cc2)cc1)C(N)C(=O)N1CCC(F)C1,YPGNHGMZLLVIHB-UHFFFAOYSA-N
1,Fc1ccc2c(C3CNCCC3F)c(-c3ccsc3)[nH]c2c1,GVERGJNQZKUDON-UHFFFAOYSA-N
1,Cc1ccc(CNC(=O)c2cc3c(=O)n4ccccc4nc3n(CC3CCCO3)c2=N)cc1,JTXXNCZZNVMGHC-UHFFFAOYSA-N
1,CC#CCn1c(N2CCCC(N)C2)nc2c1c(=O)n(Cc1nc(C)cc3ccccc13)c(=O)n2C,DFWUAFCLJJBUNR-UHFFFAOYSA-N
0,COc1ccc(N2C(=O)CC(Cc3ccc(Br)cc3)C2=O)cc1,BOUUBEXNRJSODJ-UHFFFAOYSA-N
0,CCN1C(=O)/C(=C2/C=Cc3ccccc3N2CC)OC1=S,FYHWWYUCIGKACZ-BUHFOSPRSA-N
0,O=C(CSc1nnc(Cn2nnc(-c3ccccc3)n2)n1-c1ccccc1)Nc1ccccc1,AUUVCUNDFOZPPU-UHFFFAOYSA-N
0,Cc1ncoc1C(=O)N1CCCC(C(=O)c2cccc3ccccc23)C1,XAAULRSZSPRGFW-UHFFFAOYSA-N
0,COc1cc(C(=O)NC(CCSC)C(=O)OCC(=O)C(C)(C)C)cc(OC)c1OC,SYOKQBCHXVCHMS-UHFFFAOYSA-N
0,CC(C)c1ccc(C2C(C(=O)c3ccc4c(c3)OCCO4)C(=O)C(=O)N2CCN2CCOCC2)cc1,VWAOTKKMRJQOAB-UHFFFAOYSA-N
0,NC(=O)N/N=C(/CCCCCC/C(=N\NC(N)=O)c1ccccc1)c1ccccc1,MTTFIFPOMXQPCT-GAHATOAQSA-N
0,CN(C)CCN(C(=O)C1CCN(S(=O)(=O)c2cccs2)CC1)c1nc2c(F)cccc2s1,XSMBYIPGQDPNCW-UHFFFAOYSA-N
0,CC(C)N1OC2CC1c1nc3ccccc3n1C2,VVGIXYQMZGPIEN-UHFFFAOYSA-N
0,CC(NC(=O)OCc1ccccc1)C(=O)NCC1CCCO1,HNGLZPGVDVLMPF-UHFFFAOYSA-N
0,COc1ccccc1N(CC(=O)NC1CCCCC1)C(=O)c1cnn(C(C)C)c1,YPJVGZSUMGNWBX-UHFFFAOYSA-N
0,Cc1ccc(-c2nnn(CC(=O)N(CC(=O)NC3CCCC3)c3ccc(F)c(Cl)c3)n2)o1,WGBHWNATCDLAHJ-UHFFFAOYSA-N
0,CCOc1ccc(C(=O)Nc2ccc(NC(=O)c3ccccc3)cc2)cc1Br,DTINGPKYLRIBCY-UHFFFAOYSA-N
0,CC1CC(C)(C)NC(=S)N1CC(=O)NCc1ccc2c(c1)OCO2,UJVBEXKCDJJMNK-UHFFFAOYSA-N
0,CC(C)c1ccc(CN2CCN(S(=O)(=O)c3ccc(Cl)s3)CC2)cc1,XTPSBZOPOKFFRD-UHFFFAOYSA-N
0,O=C(CSc1nc(C2CC2)nc2sc3c(c12)CCCC3)NCc1ccco1,NUKIUZWHVLPGCZ-UHFFFAOYSA-N
0,O=C1CCN(Cc2ccccc2)N1,NDZNPLRKGDSLQX-UHFFFAOYSA-N
0,COc1ccc(C(=O)C(CCC(CNC(C)(C)C)C(=O)c2ccc(OC)cc2)CNC(C)(C)C)cc1,RPSRHRCHOHZXED-UHFFFAOYSA-N
0,CCOc1ccccc1N(CC(=O)NC1CCCCC1)C(=O)CCC(=O)Nc1cc(C)ccn1,FIEUJCUIAVWEJC-UHFFFAOYSA-N
0,Cn1c(SCC(=O)Nc2cccc(NC(=O)c3cccs3)c2)nnc1-c1ccncc1,QRFOWSJPPPKAEB-UHFFFAOYSA-N
0,NS(=O)(=O)c1ccc(NC(=O)c2ccc3nccnc3c2)cc1,AWXFBAFTDPYROB-UHFFFAOYSA-N
0,COC(=O)c1cn(CCOc2ccccc2OC)c2ccccc12,NIBOQZCDCNIISB-UHFFFAOYSA-N
0,C=C1CCN(CC(=O)OC)S(=O)(=O)c2ccccc21,HYFLTVYJYMRSDE-UHFFFAOYSA-N
0,CCOCc1nnc(NC(=O)c2ccc(OC)cc2)s1,IRWYZTWOIJUUMP-UHFFFAOYSA-N
0,COc1ccc(NC(=O)N2CCCC2)cc1OC,HADUQTYHPKJXOZ-UHFFFAOYSA-N
0,c1ccc2c(c1)ncn2CCN1CCCCC1,LELPUNBOQMOIIH-UHFFFAOYSA-N
0,Cc1nccn1CCCN1C(=O)CNC1=S,AJPRTZZJTUHVMM-UHFFFAOYSA-N
0,CCn1c(SCc2nc3ccccc3[nH]2)nnc1-c1ccncc1,PTZAIMLHBKSZQD-UHFFFAOYSA-N
0,COC(=O)c1cnn(C(=O)c2cc(OC)ccc2Br)c1N,DTKQJXWLIUBVTC-UHFFFAOYSA-N
0,CCN(C#N)c1nc(N(C)C)nc(N(C)C)n1,LSAYWPZWLZUUMK-UHFFFAOYSA-N
0,Cc1cccc(/C=N/n2c(S)nnc2-c2ccccn2)c1,ZSURWDPNKHXGIP-LICLKQGHSA-N
0,O=C(COC(=O)Cc1ccsc1)Nc1ccccc1Cl,AJRYSFLLMRZGEZ-UHFFFAOYSA-N
0,Cn1nnnc1SCc1ccc(Cl)cc1,PTFHDARIIRTOTP-UHFFFAOYSA-N
0,O=C(N/C(=N/c1ccccc1)N1CCOCC1)Nc1ccccc1,JHSJBKOPQJXJGT-UHFFFAOYSA-N
0,CCOC(=O)N1CCC(/N=c2\c(OCC)c(O)c2=O)CC1,MGCHWFJGUPXVNL-GDNBJRDFSA-N
0,COc1ccc(-c2cc(=O)oc3cc(OCc4nn[nH]n4)ccc23)cc1,GCORMIQKFYLLCF-UHFFFAOYSA-N
0,CC(C)COc1ccc(C(=O)Nc2cc(S(=O)(=O)N3CCOCC3)ccc2N2CCCC2)cc1,MWHLIPWPVYGTJK-UHFFFAOYSA-N
0,Cc1[nH]c(=O)[nH]c(=O)c1S(=O)(=O)N1CCN(c2ccccc2)CC1,MBCXFSWKYQOLQH-UHFFFAOYSA-N
0,Cc1cc2ccccc2n2c(SCC(=O)N3CCOCC3)nnc12,ORFFMRZSPGALET-UHFFFAOYSA-N
0,CCC(=O)c1ccc(OCc2ccccc2)c(OC)c1,IVIYWFORLJOGDS-UHFFFAOYSA-N
0,O=C1CN(C(=O)c2cc3ccccc3o2)c2ccccc2N1,JJZIQMPGYNVDCM-UHFFFAOYSA-N
0,CCCC(=O)Nc1ccccc1-c1nnc(SCC)[nH]c1=O,PZCINJHXGXIOMO-UHFFFAOYSA-N
0,COC(=O)c1ccc(C2C(C(=O)c3cc4ccccc4o3)C(=O)C(=O)N2c2cc(C)on2)cc1,ASUZXMTWZNODRS-UHFFFAOYSA-N
0,CC(=O)c1ccc(S(=O)(=O)NCCc2csc(-c3cccnc3)n2)cc1,QXNLDVKMGFYFSP-UHFFFAOYSA-N
0,CCN(CC)C(=O)c1ccc(NC(=O)c2ccc(-c3nn(C)c(=O)c4ccccc34)cc2)cc1,SBHBGYLSQRUSCM-UHFFFAOYSA-N
0,Cn1nc(-c2ccncc2)cc1NC(=O)C(Cc1ccccc1)NCC(=O)O,LWMQAANXGYCZIW-UHFFFAOYSA-N
0,O=C(O)CSc1nc2sc3c(c2c(=O)n1Cc1ccccc1)CCCCC3,HUWPFIVTOQXZNA-UHFFFAOYSA-N
0,CC1CC(C(=O)Cc2ccccc2F)CCN1Cc1ncc[nH]c1=O,TVWLHFBOHZUWAZ-UHFFFAOYSA-N
0,CCn1nc(C)cc1C(=O)N1CCCC(CCC(=O)NCc2ccccc2F)C1,ZDWJOWARBXFWMD-UHFFFAOYSA-N
0,COc1ccc(OCC(=O)N/N=C/C(C)=C/c2ccco2)c(Br)c1,KCBIYPQAGPBICE-BODUPIQHSA-N
0,C/C(CC(=O)Nc1cccc(Cl)c1Cl)=N\NC(=O)C(=O)NC1CCCCC1,ODNHYXIPQGZOHW-FOKLQQMPSA-N
0,CCOC(=O)CCc1c(C)c2ccc(OC3CCCCC3=O)cc2oc1=O,LOEGBQXIPFEMDV-UHFFFAOYSA-N
0,N#CC1=C(N)Oc2c(sc3ccccc23)C1c1ccco1,SDVGEZOOECNJRR-UHFFFAOYSA-N
0,CCC(C(=O)NCc1ccco1)N(C(=O)CNS(=O)(=O)c1ccc(F)cc1)c1ccccc1F,SCFCJTGMEXKBFG-UHFFFAOYSA-N
0,CC(=O)c1ccc(NC(=O)c2ccc(CSc3ccccc3)o2)cc1,NMONIVDHRRRWGP-UHFFFAOYSA-N
0,COCCCN(C(=O)c1ccccc1F)c1nc(-c2ccc(OC)cc2)cs1,IAXMUDYKLJONCY-UHFFFAOYSA-N
0,COc1cc(C)ccc1OCCCOc1cc(C)ccc1Cl,UQLBANUOJDKQTK-UHFFFAOYSA-N
0,COc1ccc(OC)c2c1s/c(=N\C(=O)c1cccc(N3C(=O)CCC3=O)c1)n2C,GDEOVZOGQUWNTL-DQRAZIAOSA-N
0,CCOC(=O)c1cc(-c2csc(Nc3ccccc3Cl)n2)on1,KRNFOZIERPWMDR-UHFFFAOYSA-N
0,CCn1c(SCC(=O)Nc2sc3c(c2C(N)=O)CCC(C)C3)nnc1-c1ccco1,IISSNOKSMQMKTK-UHFFFAOYSA-N
0,CC1CC2OC(=O)C3(C)C(=O)CCC(C)(C23)C1(O)CCc1ccoc1,NMTGXAKMAWZRIF-UHFFFAOYSA-N
0,CC(/C=C1\SC(=S)N(CCC(=O)Nc2ccc(O)cc2)C1=O)=C\c1ccccc1,QMDJPSHENSGWAP-FQHLDWHWSA-N
0,CCCCn1c(CCNC(=O)c2ccco2)nc2ccccc21,HXADWCYVASHKGW-UHFFFAOYSA-N
0,Cc1ccc(S(=O)(=O)NCC(=O)NCc2cc(=O)n(C)c(=O)n2C)cc1C,RXWFTRCEZFOVLT-UHFFFAOYSA-N
0,CC(=O)Nc1ccc(CN2CCc3c([nH]c4ccccc34)C2C(C)(C)C)cc1,ZXRXZGRSZBBFGN-UHFFFAOYSA-N
0,CN(CCN1CC2CN(CCc3ccc(F)c(F)c3)CC(C1)O2)S(=O)(=O)c1ccc(C#N)cc1,JCVUUGGGIYOZFN-UHFFFAOYSA-N
0,CCc1noc(C)c1C(=O)Nc1ccc(F)c(F)c1,CJCAWBZLWUKXEZ-UHFFFAOYSA-N
0,CN(C)C=C1C(=O)N(C2CCCCC2)C(=O)N(C2CCCCC2)C1=O,AIRYYAGSJFNMQB-UHFFFAOYSA-N
0,CC(C)COC(=O)C(N)C(C(=O)OCC(C)C)c1ccccc1,BOJVLUPCUOHWSK-UHFFFAOYSA-N
0,CCN(CC(=O)Nc1ccccc1OC)C(=O)c1ccc2[nH]c3c(c2c1)CC(C)CC3,PYXMQKMCJXHMFL-UHFFFAOYSA-N
0,CCOC(=O)C1(Cc2ccccc2C)CCCN(C(=O)c2ccc3nccnc3c2)C1,PAISZSHOTCHEBJ-UHFFFAOYSA-N
0,Cc1ccc(NC(=S)N(C)CCc2ccccn2)cc1C,AQMDSQRDCCTGAJ-UHFFFAOYSA-N
0,CCOc1ccc(-n2c(C)cc(/C=N/NC(=O)C(N)=O)c2C)cc1,IICPZSSQOTXQPH-VXLYETTFSA-N
0,Cc1cc(NC(=O)Nc2cc(F)ccc2F)no1,RQEIJGLJQPNYDS-UHFFFAOYSA-N
0,Cc1ccc2c(c1)N=C(c1ccc(F)cc1)CO2,AUXBNOADBOUOEQ-UHFFFAOYSA-N
0,COC(=O)C(c1ccccc1)N(C)S(=O)(=O)c1cccc(S(=O)(=O)N(C)C(C(=O)OC)c2ccccc2)c1,MJWJERQDSKMRBE-UHFFFAOYSA-N
0,Fc1ccccc1NC(=S)Nn1cnnc1,ULMIOWXWOLSHAW-UHFFFAOYSA-N
0,O=C1c2ccccc2C(=O)N1CCCc1cn(CC2CCC(C3CCC(Cn4cc(CCCN5C(=O)c6ccccc6C5=O)nn4)O3)O2)nn1,JYKCIGCRVFUICO-UHFFFAOYSA-N
0,Cc1noc(C)c1C(=O)N1CCN(S(=O)(=O)c2cccs2)CC1,KCELPTUGZHWRLW-UHFFFAOYSA-N
0,COc1cccc(C2NC(C)(C(=O)O)C3C(=O)N(C(C)C)C(=O)C23)c1O,WNPOIOPYLLSBQR-UHFFFAOYSA-N
0,Cc1ccc(SCC(=O)OCC(=O)Nc2ccccc2C(F)(F)F)cc1C,CNAHESCKEYBSSH-UHFFFAOYSA-N
0,COc1cc(Br)c(C(C)NC(=O)c2cccc(Br)c2)cc1OC,UBRQJRNYSGYVLV-UHFFFAOYSA-N
0,CN(C)C(=O)CSc1nnc(-c2ccc(S(=O)(=O)N3CCCC3)cc2)n1C,NCGCAJLLSCJSQL-UHFFFAOYSA-N
0,Cc1ccc2[nH]c(SC(C)C(=O)N3CCCC3)nc2c1,AABJFGNYJCCAEA-UHFFFAOYSA-N
0,COCc1cnc(N2CCC(C3CC3COCc3ccc(S(C)(=O)=O)cc3F)CC2)nc1,KMUOWVJTLAOVPK-UHFFFAOYSA-N
0,Cc1ccccc1OC(=O)c1cccnc1,TVPAWAZKOGPPAE-UHFFFAOYSA-N
0,COc1ccc(NC(=O)C2=CC(c3ccc(OC)c(OC)c3)=NS(=O)(=O)N2C)cc1,ZYBJXDCXXDQHMY-UHFFFAOYSA-N
0,COCCCNC(=O)Cn1nnc(-c2ccccc2NC(=O)c2ccc(F)cc2)n1,ASDJCNDPNJPQCY-UHFFFAOYSA-N
0,CCOc1ccccc1CNC(=O)CCNS(=O)(=O)c1ccc2[nH]c(=O)oc2c1,RNYQKAKPXGJWAW-UHFFFAOYSA-N
0,Cc1cc(NC(=O)CSc2nnc(-c3c[nH]c4ccccc34)n2C)no1,JEJWMQKFXMEKSE-UHFFFAOYSA-N
0,CC(=O)Nc1ccc(S(=O)(=O)N2CCC(C(=O)N3CCCCCC3)CC2)cc1,OCJKYRRDOCXQJH-UHFFFAOYSA-N
0,Cc1ccc(NC2=NCCCS2)c(C)c1C,CXVJKQUOGCFXSP-UHFFFAOYSA-N
0,O=C(NCCS(=O)(=O)NCc1ccccc1)c1ccc2c(c1)OCO2,PHVJZEIUVSSBRM-UHFFFAOYSA-N
0,COc1ccc(Cl)cc1NC(=O)CCN1C(=O)C2C3C=CC(C4CC34)C2C1=O,GBMHRPRDDQCAOV-UHFFFAOYSA-N
0,O=C(CC1C(=O)N(c2ccccc2)C(=S)N1c1ccccc1)c1ccccc1,WWHKPAKQDBMWDQ-UHFFFAOYSA-N
0,COCCn1c(C)cc(C(=O)COC(=O)c2ccc(-n3nc(C)cc3C)cc2)c1C,FUKCYBWWZJIHOD-UHFFFAOYSA-N
0,O=c1[nH]c2ccc(NS(=O)(=O)c3ccc(F)c(Cl)c3)cc2[nH]1,CNOPLJVDZWWTIE-UHFFFAOYSA-N
0,O=C(c1ccco1)N1CCN(Cc2nc(Cc3ccccc3)no2)CC1,NNCNDAULVXCPCT-UHFFFAOYSA-N
0,O=C(CSc1cn(CCNC(=O)c2ccccc2)c2ccccc12)NCC1CCCO1,OJSNYALXAWFPIP-UHFFFAOYSA-N
0,CCOc1ccc(Cl)cc1S(=O)(=O)N1CCC(C(=O)NC2CC2)CC1,YNQFATGUCDAYCZ-UHFFFAOYSA-N
0,Cc1ccsc1C(=O)OCc1nc2ccsc2c(=O)[nH]1,QXZBMGXHMJOVNI-UHFFFAOYSA-N
0,O=C(CNC(=O)c1ccccc1Cl)Nc1ccncc1,JJRFVRVVCKSILP-UHFFFAOYSA-N
0,O=C(Nc1ccccc1N1CCOCC1)c1csc2c1CCCC2,NCHZLYXRPCLWNK-UHFFFAOYSA-N
0,Cc1cccc(C)c1OCCCCc1c(C)n[nH]c1C,JEYXIJNAQRWGGT-UHFFFAOYSA-N
0,Cc1ccc(Cn2c(SCC(C)C)nc3c2c(=O)[nH]c(=O)n3C)cc1,WNNVCUBRMUPPQE-UHFFFAOYSA-N
0,CCOc1ccc(NC(=O)CSc2ccc(-c3cccnc3)nn2)cc1,UIQWKDRMFOEZSK-UHFFFAOYSA-N
0,COc1ccc(O)c(C(=O)CC(=O)c2ccccc2)c1,BLZXDUVTDYZVNJ-UHFFFAOYSA-N
0,O=C(CSc1nc2ccccc2[nH]1)Nc1ccc(F)cc1,IOEMSSUZVXQHBV-UHFFFAOYSA-N
0,Cc1ccc(CNC(=O)Cn2ncn3cccc3c2=O)cc1,RURDZRGWYJBGJV-UHFFFAOYSA-N
0,Cc1c(C(=O)NCC2COc3ccccc3O2)oc2ccc(S(=O)(=O)N(C)C3CCCCC3)cc12,ZTOQBZKRTGMFIF-UHFFFAOYSA-N
0,COC(=O)c1ccc(NC(=O)CN2CCN(c3ccccc3)CC2)cc1,STLUFKJTWQAKNP-UHFFFAOYSA-N
0,COCCNC(=O)C(C)OC(=O)c1cc2sccc2n1C,HBPOCBWICAHIFS-UHFFFAOYSA-N
0,O=C(Nc1nc2c(Cl)c(Cl)ccc2s1)C1CC1,GMSRZDMPACNQBU-UHFFFAOYSA-N
0,O=C1NC(=O)/C(=C\c2cn(CC(=O)N3CCOCC3)c3ccccc23)S1,DFLUHUHYJXTGCY-OQLLNIDSSA-N
0,COC(=O)c1c(NC(=O)c2ccn(C)n2)sc2c1CCC2,WAUTZUVLOJRFQS-UHFFFAOYSA-N
0,CCC(=O)c1cc2c(cc1NC(=O)c1cccs1)OCCO2,YIALPHXJRDVQMY-UHFFFAOYSA-N
0,c1ccc(C2CCCN(Cc3nc(CC4CC4)no3)CC2)cc1,NPOJDFMHUCGQDV-UHFFFAOYSA-N
0,CCn1c(S)nnc1CCc1ccccc1,IHABNHSBRZLTSX-UHFFFAOYSA-N
0,CCN1C(=O)/C(=C/c2cn(CCC#N)nc2-c2ccc(F)cc2)SC1=S,YJOUENSLEHTJPQ-GDNBJRDFSA-N
0,CCOC(=O)c1c(O)c2c(n(Cc3ccco3)c1=O)CCCC2,LDYPPIIFFJVHJN-UHFFFAOYSA-N
0,CS(=O)(=O)N(CC(=O)N1CCC(C(N)=O)CC1)c1cc(C(F)(F)F)ccc1Cl,NZWZSWYLKDVALG-UHFFFAOYSA-N
0,O=C(Oc1ccccc1/C=C/C(=O)c1cc2ccccc2o1)c1cccc(F)c1,BQRQCGRSMWJIPH-OUKQBFOZSA-N
0,CCn1c(C)c(C(C)=O)c(N2CCN(c3ccc(OC)cc3)CC2)nc1=S,IYFHFGJAKKCNCZ-UHFFFAOYSA-N
0,C=CCNC(=O)c1oc2ccc(S(=O)(=O)N3CCCCC3)cc2c1C,WZUYRDDLDZDYFL-UHFFFAOYSA-N
0,CCOC(=O)C(C)n1cnc2c(cnn2-c2ccc(Cl)cc2)c1=O,AARVTGUIEGZFIT-UHFFFAOYSA-N
0,CCc1ccc(S(=O)(=O)NC2CC(C)(C)NC(C)(C)C2)cc1,SMFPOUQIDIJJAP-UHFFFAOYSA-N
0,CC(C)C(N)C(=O)N/N=C/c1ccc2nccnc2c1,HVEFZXOSHOZHJZ-QGMBQPNBSA-N
0,CC(C)c1nnc(NC(=O)C2CCCN2C(=O)Nc2cccc(Cl)c2)s1,JIQNHJGOVSUYHB-UHFFFAOYSA-N
0,Cc1ccc(C)c(NS(=O)(=O)c2cc3c4c(c2)CC(=O)N4CCC3)c1,QDZKNWBEXWAYKO-UHFFFAOYSA-N
0,Cc1onc(-c2c(Cl)cccc2Cl)c1C(=O)Nn1cnnc1,AGMQKWUVLYPZHJ-UHFFFAOYSA-N
0,Cc1ccc(C2=CC(C)(c3ccc(C)cc3)Nc3nc(C(F)(F)F)nn32)cc1,ZRJKNTBHBCEVCK-UHFFFAOYSA-N
0,C=CCN(N(C)c1ncc(C(F)(F)F)cc1Cl)S(=O)(=O)c1ccc(Cl)cc1,WTYHSUXGGRMNOC-UHFFFAOYSA-N
0,O=S(=O)(Nc1ccc2c[nH]nc2c1)c1ccc(Cl)s1,HUMQVNPSOFYCGX-UHFFFAOYSA-N
0,COCCNC(=O)/C(C#N)=C/c1ccc2c(c1)OCO2,DJADBWRRWNPQEB-IZZDOVSWSA-N
0,CCCCCCCc1c(O)nc(SCCN2CCOCC2)[nH]c1=O,OZZIJTXTYXPEJY-UHFFFAOYSA-N
0,Cc1sc2ncn(CC(=O)N3CCCCC3)c(=O)c2c1S(=O)(=O)N1CCC(C)CC1,HPAGIZOABHPFEX-UHFFFAOYSA-N
0,O=C(NC(=S)Nc1ccc2c(c1)OCCO2)c1ccco1,YRAAFUYLFOKEGT-UHFFFAOYSA-N
0,CC(C)(C)c1ccc(/C=C/C(=O)NC2CCS(=O)(=O)C2)cc1,BGHCKGJSPYFXPS-RMKNXTFCSA-N
0,CC(C)(C)SCCNC(=O)CN(c1ccccc1)S(=O)(=O)c1ccccc1,DDICPWCRXWQAHD-UHFFFAOYSA-N
1,CC(C)Oc1cc(C2CCNCC2)ccc1Nc1ncc(Cl)c(Nc2ccccc2S(=O)(=O)C(C)C)n1,ZEURXJJLFFSRDT-UHFFFAOYSA-N
0,O=C(NCc1ccccc1)NC1(C(=O)N2CCN3CCCC3C2)CCCCC1,QWDYNIRLFVJXII-UHFFFAOYSA-N
0,CCCCCc1nnc(NC(=O)CN2C(=O)C3CCCCC3C2=O)s1,USPWWVIFHOTFCA-UHFFFAOYSA-N
0,CC(C)(CO)Nc1nc(N2CCCC2)nc(N2CCCC2)n1,SWEXCADKQNUPTD-UHFFFAOYSA-N
0,CC1=C(CCN2CCN(C(C)C)C(CCO)C2)C(C)(C)CCC1,KFDIJWYEMTYRGK-UHFFFAOYSA-N
0,CCN1C(=O)c2cccc3c(S(=O)(=O)NCC4CCCO4)ccc1c23,PNPKACKWOIISBC-UHFFFAOYSA-N
0,O=C(NCCc1ccccc1)c1cc(S(=O)(=O)N2CCCC2)ccc1F,CRUSKWYLNQDMLX-UHFFFAOYSA-N
0,COC(=O)c1c(NC(=O)CN2CCC3(O)CCCCC3C2c2cc(OC)ccc2OC)sc(C)c1C,UELADTJVDCZMTL-UHFFFAOYSA-N
0,O=C(CC1CCCCC1)NC1CCCC1,LVFLIHKXGKGQSF-UHFFFAOYSA-N
0,CCOC(=O)c1cc(C(=O)Nc2sc3c(c2C#N)CCCC3)nn1C,WXOVBJDPOKOEOS-UHFFFAOYSA-N
0,CCOc1ccc(NC(=O)C2CC3CCC2C3)cc1,SIUMOAMTBCIDJR-UHFFFAOYSA-N
0,O=C1C2CC=CCC2C(=O)N1Cc1ccccc1Cl,JLIKAWWFMHTVGM-UHFFFAOYSA-N
0,Brc1ccccc1-c1nnc(COc2ncnc3ccccc23)o1,FCFFCUKVWGUJQL-UHFFFAOYSA-N
0,CN1C(=O)Cc2cc(S(=O)(=O)N3CCN(c4ccc(Cl)cc4)CC3)ccc21,KFZKCVPMYQGTSU-UHFFFAOYSA-N
0,COc1cc(/C=N/NC(=O)CCN2CCN(C)CC2)cc2c1OCO2,CQWSIXOAKURMBV-WOJGMQOQSA-N
0,CCCCC1=CC2=CC(=O)C(C)(OC(=O)CC)C(=O)C2=CN1CC(C)C,ITUQLOOXEGJNBY-UHFFFAOYSA-N
0,Cc1cccc(N(CC(=O)N2CCN(c3ccccc3F)CC2)S(C)(=O)=O)c1,BGDNTZKFIRMCRE-UHFFFAOYSA-N
0,O=C1NC(=S)S/C1=C1\Sc2ccccc2N1CCCS(=O)(=O)O,JJYLSXUHDFUCGU-BENRWUELSA-N
0,Cc1cc(=O)oc2cc(OCCSCCN3CCOCC3)ccc12,ORIMNNAZBXAPLP-UHFFFAOYSA-N
0,O=C(NCC1COc2ccccc2O1)Nc1ccccc1F,IRNDCSAPGMEUML-UHFFFAOYSA-N
0,COc1ccc(-n2c(=O)c3c4c(sc3n(CC(=O)NCC3CCCO3)c2=O)CCCC4)c(OC)c1,OTJWTBQAMPBMOR-UHFFFAOYSA-N
0,CCCCn1c(CN2CCOCC2)nc2c1c(=O)n(C)c(=O)n2C,LNBVFVNCNKZBRN-UHFFFAOYSA-N
0,NC(=S)N/N=C/c1ccc(/C=N/NC(N)=S)cc1,VTZWNSAFVYMODF-ACFHMISVSA-N
0,CCOC(=O)CNC(=O)C(CC(C)C)NC(=O)C1CCCCC1,GKDPXXBZGIVKCT-UHFFFAOYSA-N
0,O=C(O)CCCNC(=O)/C(=C\C=C\c1ccccc1)NC(=O)c1ccccc1Cl,NTJDIQUMGALQND-MSASTVAISA-N
0,COc1ccc(-c2cc(C(=O)NCC3CCCO3)c3ccccc3n2)c(OC)c1,APCAKLARINKQSH-UHFFFAOYSA-N
0,Cc1ccc(S(=O)(=O)n2nc(OC(=O)c3cccc(F)c3)cc2N)cc1,DRFJZYPCNUQYPP-UHFFFAOYSA-N
0,Cc1c(C(=O)OC2CCCC2C)[nH]c2c1C(=O)CCC2,BEVGCABHIVXCEU-UHFFFAOYSA-N
0,Cc1c(Cl)c(-c2nnc(S)n2CC(C)C)nn1C,IMZORTFUIXXCJD-UHFFFAOYSA-N
0,CCN(CC)CCn1c(/N=C/c2cc(Br)ccc2O)nc2ccccc21,OBFVSCJGOGOFRG-HYARGMPZSA-N
0,CC(C)C(NC(=O)Cc1ccccc1)C(=O)OCc1cc(=O)n2c(n1)sc1ccccc12,ZWTGATAQEOJGCE-UHFFFAOYSA-N
0,O=C(O)c1nn2c(C(F)(F)F)cc(-c3cccs3)nc2c1Cl,UDHSFHYANTUMDK-UHFFFAOYSA-N
0,Cc1cc(NC(=O)CCCN2C(=O)c3cccc4cccc(c34)C2=O)no1,VJYWXFUEDKLLFM-UHFFFAOYSA-N
0,Cn1nc(C(=O)NC2CCCCCC2)ccc1=O,FBSSRUFEUUFRKQ-UHFFFAOYSA-N
0,Cc1cc(C)c(S(=O)(=O)NCCCn2ccnc2)c(C)c1,MCEKTYMDWHRZJK-UHFFFAOYSA-N
0,CC(C)CN1C(=O)C(NC(=O)C2CC2)(C(F)(F)F)C2=C1CC(C)(C)CC2=O,UEQFIKWMPCVDRE-UHFFFAOYSA-N
0,COc1ccc(-c2noc(CSc3nc4ccccc4c(=O)n3-c3ccccc3)n2)cc1OC,WLMWCOONSWSTJV-UHFFFAOYSA-N
0,O=C(Nc1ccncc1)c1c(Cl)cccc1Cl,OLJPUMGNYIOTFM-UHFFFAOYSA-N
0,O=C1CSC(c2ccccc2)N1Nc1nc(N2CCOCC2)nc(N2CCOCC2)n1,JJMMFKMSGDBJDS-UHFFFAOYSA-N
0,CCC(C(=O)Nc1cccnc1Cl)c1ccccc1,KXMOMTYUERKLKD-UHFFFAOYSA-N
0,Cc1ccc(N(CC(=O)NN=C2CCN(C)CC2)S(=O)(=O)c2ccc(C)cc2)cc1,UVZPDYOMYYBJDU-UHFFFAOYSA-N
0,CCOC(=O)C1C2COc3ccc(OC)cc3C2N2C(=O)CN(CC3CCCO3)C(=O)C12C,GHPJFHVSFNKMSR-UHFFFAOYSA-N
0,Cc1occc1-c1nc(N)c(OCC(N)Cc2c[nH]c3ccccc23)cc1-c1cnc2[nH]nc(C)c2n1,CMPFTOKTVXYPFY-UHFFFAOYSA-N
0,CN1CCN(C(=O)CCNC(=O)Cn2cnc3ccccc3c2=O)CC1,ZEFQRNCENIVDFF-UHFFFAOYSA-N
0,CN(C(=O)CSc1nnc(C2CC2)n1C1CC1)C1(C#N)CCCCC1,QXNKENKZSVDICB-UHFFFAOYSA-N
0,NS(=O)(=O)c1ccc(CCNc2nc(C(F)(F)F)nc3ccccc23)cc1,VGBHTAPYRAYPCQ-UHFFFAOYSA-N
0,COc1ccc(C(=O)Nc2ccc(S(=O)(=O)Nc3cc(C)nc(C)n3)cc2)cc1,WVBNMWNKZVPLAT-UHFFFAOYSA-N
0,N=C(NOC(=O)c1cccc(Cn2cc(C(F)(F)F)ccc2=O)c1)c1cccc(C(F)(F)F)c1,LRCUSMTXPLZGKH-UHFFFAOYSA-N
0,Cc1cc(-c2ccc(C(C)C)c(S(=O)(=O)Nc3ccccn3)c2)on1,ZMUUAZWXQYPELL-UHFFFAOYSA-N
1,O=C1NCC(c2ccccc2)C12CCN(C1CCCCC1c1ccccc1)CC2,MMAYPVADBNWURJ-UHFFFAOYSA-N
0,Cc1ccc(S(=O)(=O)N(C)CC(=O)N2CCCc3ccccc32)cc1,ZXKWKSANWWOYEF-UHFFFAOYSA-N
0,CCOc1cccc2c1OC1(C)CC2NC(=O)N1c1cccc(C(=O)NCc2ccccn2)c1,YDJLCPJWSMSROB-UHFFFAOYSA-N
0,CNC(=O)CCC(=O)Nc1ccc(C)cc1,PNNUGFNCFUWTKU-UHFFFAOYSA-N
0,CC(NC(=O)c1[nH]cnc1C(=O)N1CCN(c2ccccc2)CC1)C(=O)OC(C)(C)C,QMLDWWYMRFXOOE-UHFFFAOYSA-N
0,CCOC(=O)Cn1c(-c2ccccc2)ccc(C#N)c1=O,ISULTINSKSNJDE-UHFFFAOYSA-N
0,CCc1ccc(NC(=O)CSc2nc(N)c(NC(=O)c3ccc(F)c(F)c3)c(=O)[nH]2)cc1,RPEKTCNECTULGM-UHFFFAOYSA-N
0,CCOc1cc(N2CCOCC2)c(OCC)cc1NC(=O)c1cc(C)cc(C)c1,BAFLHRFWJBNYDZ-UHFFFAOYSA-N
1,CC(C)N(CCNCC(O)COc1ccc(C(C)(C)c2ccccc2)cc1)C(C)C,XWEGKKKIRHQVSS-UHFFFAOYSA-N
0,COc1ccccc1OP(C)(=O)Nc1c(C)cccc1C,HGBIHQXJLCLKRM-UHFFFAOYSA-N
0,Fc1ccc(Cc2nnc(-c3cccs3)o2)cc1,ACFGBZMGVXGFDI-UHFFFAOYSA-N
0,COc1cccc(C(=O)N2CCCc3ccccc32)c1,QWAFFOCOBWNZAI-UHFFFAOYSA-N
0,COCc1cccc(NC(=O)Cc2cccc3ccccc23)c1,OEBQAJWFNXZXSS-UHFFFAOYSA-N
0,CC(NC(=O)c1cccnc1)c1ccc2c(c1)OCO2,OYFPBYXOXJJXNZ-UHFFFAOYSA-N
0,O=C(COC(=O)c1ccncc1)c1ccccc1,VLJKXPUQNREOQD-UHFFFAOYSA-N
0,O=C(O)CNC(=O)/C(=C\c1ccco1)NC(=O)c1ccco1,AYTAMHBTFHWZJF-JXMROGBWSA-N
0,O=C(COc1ccccc1N1C(=O)c2ccccc2C1=O)c1ccc(Cl)cc1,UPRRHVQGUIXWEW-UHFFFAOYSA-N
0,Cc1ccc(OCC(=O)Nc2ccc(F)cc2)cc1,ZUCRTVYWBPSVBM-UHFFFAOYSA-N
0,Cc1ccc(/C=N/NC(=O)C(NC(=O)c2ccccc2)c2n[nH]c(=O)c3ccccc23)cc1,MSEOQAHSWVULQK-CVKSISIWSA-N
0,Cc1ccccc1NC(=O)C1CC(=O)OC12CCOC(C)(C)C2,DAQZCHOLHGHNIE-UHFFFAOYSA-N
0,O=C(CN1C(=O)NC2(CCCCCC2)C1=O)N1CCN(S(=O)(=O)c2ccc(Cl)cc2)CC1,FTEXUKBBTMVUEE-UHFFFAOYSA-N
0,CC(=O)c1nn(-c2cccc(Br)c2)cc1C(=O)c1ccc(Cl)cc1,PIDPCYIMMYJEFC-UHFFFAOYSA-N
0,CC(C)CC(NC(=O)CNC(=O)C1OC2OC(C)(C)OC2C2OC(C)(C)OC12)C(=O)O,OXIPALSVQGFEHI-UHFFFAOYSA-N
0,COCCC(Oc1ncnc2c1cnn2-c1ccccc1Cl)C(=O)Nc1ccc(C)cn1,QOSFZTVPVNEQRB-UHFFFAOYSA-N
0,CC1Nc2ncnc(N3CCOCC3)c2N(Cc2ccccc2)C1=O,PMJKHOMYUMSUOV-UHFFFAOYSA-N
0,COc1ccc(C(=O)NC(=S)Nc2ccc3[nH]c(=O)[nH]c3c2)cc1,SMQJCOCUXVTNID-UHFFFAOYSA-N
0,COc1ccc(-c2c(C#N)c(N)nc3c2CCCCCC3)cc1OC,CZFAWBILFLMWIW-UHFFFAOYSA-N
0,COc1ccc(S(=O)(=O)N(CC(=O)NCc2ccco2)c2ccccc2OC)cc1,XTAIQGKEPHJPHW-UHFFFAOYSA-N
0,NC(=S)N/N=C/c1ccc(-c2cc(Cl)cc(Cl)c2)o1,KWPFCUBSHONXMQ-OMCISZLKSA-N
0,O=C(O)CC12CC3CC(C1)CC(n1ncc(NCc4ccccc4)c(Cl)c1=O)(C3)C2,UALNQTBBZSTOLZ-UHFFFAOYSA-N
0,COC(=O)c1cccc(C(=O)N2CCCC(C(=O)c3cc(F)ccc3F)C2)c1,KFYCRHORPZFKJO-UHFFFAOYSA-N
0,CCOC(=O)C1=C(NC(=O)Cn2cnc3ccccc3c2=O)Nc2ccccc2N=C1CC,LMEDHCNYZLPVSQ-UHFFFAOYSA-N
0,CCC(=O)c1ccc(OCC(=O)OCC(=O)NC2CCCCCCC2)cc1,JPVNSHZWORFGBU-UHFFFAOYSA-N
0,C=CCc1cc(Cl)ccc1OCCn1ccnc1,GPQUXOUXTPZOCO-UHFFFAOYSA-N
0,CCNc1nnc(CCn2nc(C)c(Br)c2C)s1,LQBXDGXVNDNUSF-UHFFFAOYSA-N
0,C=CCN1C=CC(=C/C=C(\C#N)C(=O)OCC)C=C1,YBLJJUJKZAXDPG-MKMNVTDBSA-N
0,Cc1cc(C)n2[nH]c(=O)c(/N=N/c3ccc(S(N)(=O)=O)cc3)c2n1,FQGUUMSLFAGITH-ISLYRVAYSA-N
0,O=C(CC1CC2CCC1C2)N1CCN(S(=O)(=O)c2ccccc2F)CC1,QGCMJWGMDIYFOI-UHFFFAOYSA-N
0,Cc1cc(Nc2ccccc2)n(-c2ccccc2)n1,VVRWXGLTTNAKPE-UHFFFAOYSA-N
0,Fc1ccccc1CNc1ncnc2sccc12,KXXFRJYLEQQBFS-UHFFFAOYSA-N
0,Cc1cccc(C)c1N(CC(=O)NCc1ccccc1)C(=O)c1csnn1,VDBNQXRYOJBHFI-UHFFFAOYSA-N
0,COc1ccc(-c2csc(NC3OC(=O)c4c3ccc(OC)c4OC)n2)cc1OC,PLJVQWKFBFPDFI-UHFFFAOYSA-N
0,CNC(=O)COc1ccc(Nc2nnc(-c3ccc(C)c(S(N)(=O)=O)c3)c3ccccc23)cc1,MSOSGVHOEASVCN-UHFFFAOYSA-N
0,N=C1c2ccccc2CN1NC(=O)c1ccc(F)cc1,GBFZYSJJLLXQRP-UHFFFAOYSA-N
0,COc1cc(NC(=O)C(=O)NCCN(C)C)c(OC)cc1Cl,VEUBSYGJFWMHDY-UHFFFAOYSA-N
0,COc1ccc(C(C(=O)NCC2CCCO2)N(Cc2ccccc2)C(=O)c2snc(C(N)=O)c2N)cc1OC,OLXWZOLDKFMFMJ-UHFFFAOYSA-N
0,Cc1ccc(O)c(C(=O)c2cc(C#N)c(=O)n(CC3CCCO3)c2)c1,ZVTAYUCZPGRYDT-UHFFFAOYSA-N
0,CCN(CC)S(=O)(=O)c1cccc(-c2nnc(SCC(=O)NC)n2N)c1,BYLGAMRNRHRKAI-UHFFFAOYSA-N
0,O=C(CCN1C(=O)c2ccccc2C1=O)Nc1cccnc1,LDTUCIOTTPQKIW-UHFFFAOYSA-N
0,CCOC(=O)C1C2COc3ccc(Cl)cc3C2N2C(=O)CN(Cc3ccco3)C(=O)C12C,QCSLVUCNQOBRPZ-UHFFFAOYSA-N
0,O=C(Nc1ccccc1C(=O)N1CCN(c2cccc(Cl)c2)CC1)C1=CSCCO1,YKJYNHWALGMAIC-UHFFFAOYSA-N
0,CCn1cc(/C=C(\NC(=O)c2cc(OC)c(OC)c(OC)c2)C(=O)NCCN2CCOCC2)c2ccccc21,NOJRHGNBQMDZPZ-KQWNVCNZSA-N
0,C/C(=N\OCC(=O)Nc1ccc(OC(F)(F)F)cc1)c1ccc2c(c1)OCCO2,KXNNDPRGKOWQFV-WYMPLXKRSA-N
0,COc1ccc(CCNC(=O)COc2cc(C)cc3oc(=O)cc(C)c23)cc1OC,HXBKLGNPXWFOSE-UHFFFAOYSA-N
0,CN(C(=O)COC(=O)c1ccc(Cl)nc1)C1CCS(=O)(=O)C1,QSPSKMBEHVRVMH-UHFFFAOYSA-N
0,N=C(NOC(=O)c1cccc(Br)c1)c1ccc(Br)cc1,NPDUQDGSIXFSEF-UHFFFAOYSA-N
0,COC(=O)c1cc(C#N)c(NCc2ccccc2)nc1C,HOXKHXCNTUCEEQ-UHFFFAOYSA-N
0,CCN1CCn2c1nc(N1CCOCC1)nc2=O,KWWGNRDPPIMFLC-UHFFFAOYSA-N
0,O=C1c2oc3ccccc3c(=O)c2C(c2cccnc2)N1CCCN1CCOCC1,BOTLUNOYBFKTOJ-UHFFFAOYSA-N
0,CCCc1cc(C(=O)Nc2cccc3ccccc23)n(C)n1,HBQGXFUNIOZEIA-UHFFFAOYSA-N
0,COc1cnc(-c2ccccc2)nc1Sc1ccccc1,RSHKKMWFAQVJQG-UHFFFAOYSA-N
0,CC1=C(C(=O)OCCBr)C(c2cccc3ccccc23)NC(=O)N1,FPFZIRJBCHQLBL-UHFFFAOYSA-N
0,Cc1ccc2c(N)c(C#N)sc2n1,FRPUSNBCUUHWOT-UHFFFAOYSA-N
0,O=C(COC(=O)CNC(=O)C1CCCCC1)Nc1ccccc1Cl,RULALXOMQARGQG-UHFFFAOYSA-N
0,COc1ccc(CNS(=O)(=O)c2ccc3c(c2)C(C)(C)C(=O)N3C)cc1,BREVDFATRBOFGX-UHFFFAOYSA-N
0,CCn1c(NC(=O)c2cccs2)c(-c2cccs2)c(=O)c2ccccc21,CORYKGRZMFDBPV-UHFFFAOYSA-N
0,Cc1cc2cc(CCNC(=O)C(=O)c3c[nH]c4ccccc34)c(=O)[nH]c2cc1C,OFVNQGPCNVODLZ-UHFFFAOYSA-N
0,CC(=O)N(C1=C(N)C(=O)c2ccccc2C1=O)C(C)C,JKPJUKPWIDUMQU-UHFFFAOYSA-N
0,COc1ccc(N2CCN(C(=O)CCc3ccc(S(=O)(=O)NC(C)(C)C)cc3)CC2)cc1,RAEZWUVBCGQKHQ-UHFFFAOYSA-N
0,O=C(Cc1c(F)cccc1Cl)Nc1ccc(-n2cnnn2)cc1,LQHXNZKFHAZKLH-UHFFFAOYSA-N
0,O=C(Nc1nonc1-c1ccc(F)cc1)c1ccco1,SNMUIVPWNMPKFP-UHFFFAOYSA-N
0,O=C(CCN1C(=O)/C(=C/c2ccccc2)SC1=S)Nc1ccccn1,BEIYJBPHPLZIAA-OWBHPGMISA-N
0,C/C(=N/NS(=O)(=O)c1ccc(Cl)cc1)c1cccc(NC(=O)c2ccc(Cl)cc2Cl)c1,DLHMCIUODGPYLY-ZMFRSBBQSA-N
0,C=CCc1cccc(/C=N/c2c[nH]c(=O)[nH]c2=O)c1O,YBAWUOZQHMIOFI-VIZOYTHASA-N
0,CC(C)=CCc1c(O)ccc(C(=O)Cc2ccccc2)c1O,QCSUTZFIHSEGOO-UHFFFAOYSA-N
0,C/C(CC(=O)Nc1ccccc1C(F)(F)F)=N\NC(=O)c1cnccn1,SFRAMMHEJHOTTR-AUEPDCJTSA-N
0,CCCNC(=O)COc1ccc(S(=O)(=O)N2CCCC2)cc1,IGJKNHSUVFNCAF-UHFFFAOYSA-N
0,CC(=O)N1CCN(Cc2nc3cc(NC(=O)COc4cccc(C)c4)ccc3n2C)CC1,ZTEZSLQDVXVQRM-UHFFFAOYSA-N
0,CCCOC(=O)Oc1ccc2c(=O)c(Oc3cc(C)cc(C)c3)coc2c1,GVDJFWNBMMILTD-UHFFFAOYSA-N
0,CCC(=O)c1ccc(OCCN2CCOCC2)cc1,OYSQNUOSVOCLFK-UHFFFAOYSA-N
0,Cn1c(NC(=O)CCC2CCCCC2)cc(=O)n(C)c1=O,YXMRLWJUDLJHQZ-UHFFFAOYSA-N
0,S=C(Nc1ccc(Br)cc1)N1CCCC1,ITAMSJMEFRQULZ-UHFFFAOYSA-N
0,CCCCOCCCNC(=O)NC(C(=O)O)C(C)CC,SOFBXNOXGLGDOP-UHFFFAOYSA-N
0,COc1ccccc1N(CC(=O)NCCSCc1ccco1)S(=O)(=O)c1ccccc1,RAAJLJIBAKJBRG-UHFFFAOYSA-N
0,COc1cc2sc(C)nc2cc1C,AVBHDKMHDNTVLR-UHFFFAOYSA-N
0,Cc1ccc(-c2nc3ccccc3nc2Cl)cc1,QJGRIDVYCCOAGW-UHFFFAOYSA-N
0,O=C(c1ccc(O)c(Cl)c1)N1CCN(S(=O)(=O)c2ccccc2)CC1,RYOOHFRJGXYRPG-UHFFFAOYSA-N
0,COc1ccccc1N(CC(=O)N1CCCCC1)S(=O)(=O)c1ccccc1,CVHPMRZQLBSYHP-UHFFFAOYSA-N
0,C=CCn1cnc2c(c1=O)c1nc3ccccc3nc1n2/N=C/c1cccc(OC)c1OC,LXWWIOMXNQNSFF-LGJNPRDNSA-N
0,Cc1nc(-c2ccncc2)sc1C(=O)Nc1ccc(Br)cc1,FMMTWTBXGBHVFS-UHFFFAOYSA-N
0,Cc1cc(NC(=O)Cn2c(=O)oc3ccccc32)no1,MGJKNWNNSSDVJC-UHFFFAOYSA-N
0,CCN(c1ccccc1)S(=O)(=O)c1ccc(Cl)c(NC(=O)CSc2nncn2C)c1,LGEBEDOYXCYCGF-UHFFFAOYSA-N
0,COc1ccccc1C(=O)n1nc(-c2ccc(Cl)cc2)nc1N,DBMRKGDJNJUXND-UHFFFAOYSA-N
0,CCCNc1nc(C)c(C(C)=O)cc1C#N,QXQMJUPZPGDDMP-UHFFFAOYSA-N
0,CCOC(=O)C1=C(Nc2ccc(C)cc2)SCC1=O,AUWFBYRJBSKVGH-UHFFFAOYSA-N
0,C=CCn1c(SCC(=O)c2ccccc2)nnc1-c1ccc2c(c1)OCO2,IGGMMXQRIWVOQA-UHFFFAOYSA-N
0,Cc1ccc(Cl)cc1NC(=O)c1ccc(CSc2nnnn2C)cc1,NTJBKXNUEUVWDK-UHFFFAOYSA-N
0,Cc1cc(NC(=O)COC(=O)C2CCN(S(=O)(=O)c3cccc(Cl)c3Cl)CC2)no1,SODAAJHGHFLTEZ-UHFFFAOYSA-N
0,O=C(Cn1c(SCC(=O)NC2CCCC2)nnc1-c1ccncc1)Nc1ccc2c(c1)OCO2,WWKLRPVJFDHZRA-UHFFFAOYSA-N
0,Cc1cnc(C(=O)Nc2ccc3c(c2)CCC3)cn1,KSUSJKBOMCJPCS-UHFFFAOYSA-N
0,Cc1ccc(OC(=S)Nc2ccc(O)cc2)cc1,ZBYMHXWLEQDVPH-UHFFFAOYSA-N
0,CCC(C)(C)NC(=O)C(c1ccccc1Cl)N(C(=O)CCC(=O)Nc1cc(C)on1)C1CC1,IAGXPQDGKAXLLS-UHFFFAOYSA-N
0,O=C(Nc1ccc(S(=O)(=O)N2CCOCC2)cc1)c1ccc2ncsc2c1,LDANMSSWNSOSGL-UHFFFAOYSA-N
0,CCOC(=O)c1oc2ccccc2c1NC(=O)COc1cccc(OC)c1,JJAXELLBUAMABD-UHFFFAOYSA-N
0,NS(=O)(=O)c1ccc(CCNC(=O)C2CCCCC2)cc1,IPFNJTPHAHOBCA-UHFFFAOYSA-N
0,Cc1cc(C)c(C)c(S(=O)(=O)N2CCN(C(=O)CCc3nc4ccccc4c(=O)[nH]3)CC2)c1C,CONINPNFOPNNMV-UHFFFAOYSA-N
0,O=C(/C=C/c1ccc(Cl)cc1)NC(=S)Nc1ccc(CN2CCOCC2)cc1,TWWJUFITMFVNJF-BJMVGYQFSA-N
0,Cc1ccc(C(=O)Nc2ccc(C(=O)NCC3CCCO3)cc2)cc1,KDRNWGQMVWFZMZ-UHFFFAOYSA-N
1,COc1ccccc1C1CCN(Cc2ccc3ccccc3c2)CC1,GWQBBMQQRFARIX-UHFFFAOYSA-N
0,CCC1CSC(Nc2ccc(C(=O)/C=C/c3ccc(Oc4ccccc4)cc3)cc2)=N1,QFFSNQJKVMTZBJ-LICLKQGHSA-N
0,Cn1cnnc1SCc1ccc(C(=O)/N=N/c2c(O)n(C)c3ccccc23)cc1,NLPLBLIQSZZOSP-GHVJWSGMSA-N
0,O=C(NC1CCCCCC1)C(=S)NCc1ccccc1,LEJSXENWXKNEKG-UHFFFAOYSA-N
0,CCSc1nnc(NC(=O)C2CC2c2ccccc2)s1,VHYZQFNMTYVMAZ-UHFFFAOYSA-N
0,COc1ccc(Cl)cc1S(=O)(=O)N1CCCC(C(=O)NCCc2ccccc2)C1,GLYJGWYFCCOXAD-UHFFFAOYSA-N
0,CCOC(=O)C1CCN(c2ncnc3c2oc2ccc(Br)cc23)CC1,RIIARVSTWFQHPJ-UHFFFAOYSA-N
0,Fc1cccc(CN2CCN(Cc3nc(-c4cnccn4)no3)CC2)c1,WOYDUEUILGDPLT-UHFFFAOYSA-N
0,CC(=O)N1CCc2c(sc(NC(=O)Cc3ccccc3)c2C#N)C1,PTUAOTVLLMVTQF-UHFFFAOYSA-N
0,CC(=O)Nc1c(O)nc(SCC(=O)Nc2cccc(C)c2)[nH]c1=O,GLYPYPNIMCQOFH-UHFFFAOYSA-N
0,c1cc2c(cnc3cscc32)s1,UQSKSOKRSZRQKL-UHFFFAOYSA-N
0,Cc1noc(C)c1COc1cccc(C(=O)Nc2ccc(OCc3ccccc3)cc2)c1,FVGFCDILBFZIOI-UHFFFAOYSA-N
0,Cc1cc(C(=O)NNC(=O)Nc2ccccc2)no1,BGXPEMDKCMGJKI-UHFFFAOYSA-N
0,CCc1c(C)sc(NC(=S)N2CCN(C(=O)C3CCCO3)CC2)c1C(=O)OC,UQHIRECKZALKLO-UHFFFAOYSA-N
0,O=C(NOC(=O)c1c(F)cccc1Cl)c1ccc(Cl)c(Cl)c1,QJEPBPOSGCYKCI-UHFFFAOYSA-N
0,Clc1ccccc1-c1nnc2sc(-c3ccco3)nn12,HEGNKHUTABGUJG-UHFFFAOYSA-N
0,COCCCn1c(SCc2nnc(-c3ccc(OC)c(OC)c3)o2)nc2ccccc2c1=O,SMJFUUWHUMZKDL-UHFFFAOYSA-N
0,CC1CC(C)(C)n2c(O)c(/N=N/C(N)=S)c3cccc1c32,LHIMHWGGFSPKNN-ISLYRVAYSA-N
0,CC(C)CN(C(=O)CSc1nncn1-c1ccccc1)c1c(N)n(CC(C)C)c(=O)[nH]c1=O,ABVJQZYULVORQC-UHFFFAOYSA-N
0,CC(C)(C)c1ccc(C(=O)NCC(=O)OCC(=O)N2CCCC2)cc1,HUIXNQJLCBDCJI-UHFFFAOYSA-N
0,CC(NC(=O)c1[nH]cnc1C(=O)NC(C)c1ccccc1)C(=O)OCc1ccccc1,SNNXUTQAGPMFOQ-UHFFFAOYSA-N
0,COc1ccc(Cc2cnc(N)s2)cc1,MSYFQOUPMXMROC-UHFFFAOYSA-N
0,CC(NC(=O)CN1C(=O)NC(c2ccccc2)(c2ccccc2)C1=O)c1cccs1,GFENTKILMREEEO-UHFFFAOYSA-N
0,CC(C)CC(NC(=O)Nc1cccc(Br)c1)C(=O)O,JPALHBUKDNYXFY-UHFFFAOYSA-N
0,CN(C)S(=O)(=O)c1cccc(C(=O)/N=C2\N=C3C=CC(Cl)=CN3Cc3ccccc32)c1,VCBSCHVKIUGERP-DAFNUICNSA-N
0,O=C(COC(=O)c1ccc(F)cc1F)NCCNC(=O)COC(=O)c1ccc(F)cc1F,JDKZCIGIGNJEGB-UHFFFAOYSA-N
0,Cc1cccnc1NC(=O)CCc1nnc2ccc(N3CCC4(CC3)OCCO4)nn12,FZOCWAIRHFNEFS-UHFFFAOYSA-N
0,CCN1C(=O)C(O)(CC(=O)c2cc(C)ccc2C)c2ccccc21,FBJKZJDBOXTKKM-UHFFFAOYSA-N
0,COc1ccc(CC(=O)NNC(=O)c2cc(C)[nH]n2)cc1,XZADMHQDAQODNT-UHFFFAOYSA-N
0,C=CCn1c(SCc2cc(C(C)=O)ccc2OCC)nc2ccccc2c1=O,IQCUDURPNYATEH-UHFFFAOYSA-N
0,O=C(NNC(=O)c1cc2c(s1)CCCC2)c1ccccc1,DEJBLRQKDNTSTB-UHFFFAOYSA-N
0,CCC(C)N1Cc2ccccc2C1=N,RFTHZWUILKNFAY-UHFFFAOYSA-N
0,CSCCC(=O)N1CCCC(CNC(=O)c2ccccc2Cl)C1,LIHOJKDLPFOCHW-UHFFFAOYSA-N
0,COc1ccc(S(=O)(=O)N2CCN(CCc3ccccc3)CC2)c(OC)c1,IKQRUNJCNLAWLM-UHFFFAOYSA-N
0,Cc1cccc2sc(NNC(=O)c3ccc(S(=O)(=O)N4CC(C)CC(C)C4)cc3)nc12,LBTRDZPKEWBWFH-UHFFFAOYSA-N
0,O=C(O)COc1ccc(Br)cc1C(c1c(C(=O)O)[nH]c2ccccc12)c1c(C(=O)O)[nH]c2ccccc12,IBIRGJAOPBORGU-UHFFFAOYSA-N
0,CC1(C)OC(=O)C(=Cc2ccc(-c3ccc(S(N)(=O)=O)cc3)o2)C(=O)O1,WAJBQQZCOOAKIG-UHFFFAOYSA-N
0,CCCCN(C(=O)C1=NN(c2cc(C)ccc2C)C(=O)CC1)c1c(N)n(CCC)c(=O)[nH]c1=O,ITTJLJSBMDHZNF-UHFFFAOYSA-N
0,CC1CCN(C(C)C(=O)Nc2cc(S(=O)(=O)N3CCCCC3)ccc2Cl)CC1,RQIWRBKCHOXGHD-UHFFFAOYSA-N
0,CC1(C)CC(=O)C=C(c2ccc(Oc3ccccc3)cc2)C1,GFZRRKLVKWGKHQ-UHFFFAOYSA-N
0,O=C1CC(c2ccccc2)CN1C(=O)c1cncc(Br)c1,GMCAGGPVLKDHMD-UHFFFAOYSA-N
0,CCOc1ccc(C2CC(=O)NC3=C2C(=O)CCC3)cc1,WTMJZOIYKMQECG-UHFFFAOYSA-N
0,O=S(=O)(Cc1ccccc1)N1CCc2ccccc2C1,SHISYJAKZOFDCH-UHFFFAOYSA-N
0,Cc1ccc(NC(=S)NC(=O)/C=C/c2ccc(Cl)cc2)cc1,DAFNWPDRSMFIDA-IZZDOVSWSA-N
0,Cc1cc(C)c(C)c(S(=O)(=O)NCc2ccncc2)c1C,AXSUOJQSNACTBN-UHFFFAOYSA-N
0,O=C(CSc1nc2ccccc2c(=O)n1-c1ccc(OC(F)F)cc1)NCc1cccs1,XVQTZDOTXZBZLI-UHFFFAOYSA-N
0,CCOc1ccc(N2CC(C(=O)Nc3ccccc3C(=O)N3CCOCC3)CC2=O)cc1,MVKJCGJYRJREOY-UHFFFAOYSA-N
0,CC(C)(C)NC(=O)CN(Cc1ccccc1)S(=O)(=O)c1ccccc1,QOSNNYUNIVVPEX-UHFFFAOYSA-N
0,C/N=C1\SC(CC(=O)NCCc2ccc(OC)c(OC)c2)C(=O)N1C,KXVNLDDRAGZSSQ-ZCXUNETKSA-N
0,Cc1cc(-n2c(C)cc(C(=O)CSc3ccc4c(c3)OCCO4)c2C)no1,JKFXVWKQEUBHKC-UHFFFAOYSA-N
0,O=C1NC(c2cccs2)Nc2ccccc21,ZYBQITBKNGCUHV-UHFFFAOYSA-N
0,Nc1ccccc1/N=C1/CC(=O)CC(c2ccccc2)C1,RMRWWFVNLKMXRH-HMMYKYKNSA-N
0,CC(=O)c1cnc(SCCN2C(=O)c3ccccc3C2=O)nc1C,RVHKJAKQGGAGHP-UHFFFAOYSA-N
0,COCCn1c(=O)[nH]c2cc(C(=O)Nc3cccc(F)c3)ccc2c1=O,DQFKPVAIRHJLIH-UHFFFAOYSA-N
0,Cc1sc2ncn3c(C)nnc3c2c1C,HTCPGZWIKPAMQF-UHFFFAOYSA-N
0,O=C(Nc1nn[nH]n1)c1cccc(Oc2ccccc2)c1,WJQACQBXPHNBMV-UHFFFAOYSA-N
0,Cc1ccc2c(c1)/C(=N/OC(=O)c1ccc(F)cc1)CCS2,BVQOBLHITLCPGB-XDJHFCHBSA-N
0,COC(CNC(=O)c1ccc2c(c1)nc(C)n2-c1cc(C)cc(C)c1)OC,BFJIVQYNHBUDTQ-UHFFFAOYSA-N
0,CCCNC(=O)c1ccc(S(N)(=O)=O)cc1,YWNDDZRHHBUBPB-UHFFFAOYSA-N
0,Cc1ccc(C[S+]([O-])Cc2ccc(C(=O)N3CCN(C4CCCCC4)CC3)o2)cc1,GHCZJYSPIBXNMP-UHFFFAOYSA-N
0,CCCCn1nnc(NC(=O)COc2ccc(Cl)c(C)c2)n1,NKQCNPKMTDFGGZ-UHFFFAOYSA-N
0,Cc1ccc(C(=O)C2C(=O)C(=O)N(Cc3cccnc3)C2c2ccc(Cl)c(Cl)c2)o1,KVVXQUJHCVODME-UHFFFAOYSA-N
0,CC(C)(C)NC(=O)Cn1c(Cl)nc2ccccc21,YYRHPIRMSGDOKO-UHFFFAOYSA-N
0,Cc1cccc(C)c1NC(=O)CNC(=O)c1ccccc1OCc1ccccc1,IKNDXSUAHFQKDM-UHFFFAOYSA-N
0,Cc1cccc(NC(=O)CC2SC(NC3CCCCC3)=NC2=O)c1,NKGLBDMKNKWKRR-UHFFFAOYSA-N
0,Cc1ccccc1NC(=O)CNC(=O)Cc1cccc2ccccc12,NMGCKQPMBHFGRF-UHFFFAOYSA-N
0,CCOCCn1c(CN2CCCCC2)nc2c1c(=O)n(C)c(=O)n2C,LBOVTWKJRKTBQC-UHFFFAOYSA-N
0,Cc1nnc2ccc(-c3cccc(C(F)(F)F)c3)nn12,GUOQUXNJZHGPQF-UHFFFAOYSA-N
0,O=C(NCC1CCCO1)c1ccccc1,PUWUDJOAVMKLBK-UHFFFAOYSA-N
0,CCC(C)Sc1nc2c(c(=O)n1C)SC(C)C2,UYQKRHCRASFKLS-UHFFFAOYSA-N
0,CNc1cnn(-c2ccc(C)cc2)c(=O)c1Cl,XJUGRFVWBCQOFL-UHFFFAOYSA-N
0,CC(=O)c1cnc(-c2ccccn2)s1,UCSRGSZNLJYPSP-UHFFFAOYSA-N
0,CCCC(=O)NC(Nc1ccc(S(=O)(=O)Nc2cc(C)on2)cc1)(C(=O)OCC)C(F)(F)F,MNOGMFLPLKYZKH-UHFFFAOYSA-N
0,Cc1c(Cl)cccc1NC(=S)N(CCCN1CCOCC1)Cc1cccs1,HAFPAPPCAQUJJB-UHFFFAOYSA-N
0,O=C(NCCCN1CCOCC1)C(=O)N/N=C/c1ccc(F)cc1,RTRCIHGFGIHIRQ-XDHOZWIPSA-N
0,CCOC(=O)Nc1ccccc1C(=O)Nc1cc(C)cc(C)c1,GVMYBYCRQPWGAZ-UHFFFAOYSA-N
0,CC(C)(C)C1CCC(OC(=O)CN2CCCCC2)CC1,BFSVLWJOPCYXNM-UHFFFAOYSA-N
0,O=C(c1cnn(C(=O)c2cccc(S(=O)(=O)N3CCOCC3)c2)c1)c1ccccc1O,JVYJOFFDIQOMIL-UHFFFAOYSA-N
0,COC(=O)C1CCN(C(=O)Nc2ccccc2)CC1,SGAFFKZVZUWWRQ-UHFFFAOYSA-N
0,Cc1ccc(-n2sc3ccccc3c2=O)cc1S(=O)(=O)N1CCCCC1,NKPYARCADGOZKH-UHFFFAOYSA-N
0,CCOC(=O)c1cnc2c(Cl)cc(Cl)cc2c1NCCCN1CCOCC1,HQIJGXCNMPJBDQ-UHFFFAOYSA-N
0,Cc1nc(NC(=S)NC(=O)c2cccs2)sc1C(=O)N(C)C,IHSIUGIHZOLIAV-UHFFFAOYSA-N
0,CCc1ccccc1N(CC(=O)OC)S(C)(=O)=O,CIJCADJRFKGSFQ-UHFFFAOYSA-N
0,Cn1cccc1C(=O)NC(=O)COC(=O)CC12CC3CC(CC(C3)C1)C2,PACJNJJWGLNTNA-UHFFFAOYSA-N
0,COc1ccccc1N1CCN(c2cc(=O)n(-c3ccc(Br)cc3)c(=O)[nH]2)CC1,MPEPIWUHEZXUIW-UHFFFAOYSA-N
0,O=C(COc1ccc(F)cc1Cl)Nc1cccc(S(=O)(=O)N2CCCC2)c1,SIFBXYBALIDPAQ-UHFFFAOYSA-N
0,CC(C)N1CC(=O)C(c2nc3ccccc3[nH]2)=C1N,WFWRAWUSRDKHDU-UHFFFAOYSA-N
0,O=C(c1ccc2nc(-c3ccccc3)c(-c3ccccc3)nc2c1)N1CCCCC1,BDEDTAFRAQLAGJ-UHFFFAOYSA-N
0,Cc1nc(SCC(=O)NCC2CCCO2)c(C#N)c(C)c1C,IJBKGJZTTCZEHC-UHFFFAOYSA-N
0,CN(C(=O)CSc1nc2ccccc2c(=O)n1-c1ccc(F)cc1)C1CCS(=O)(=O)C1,LTUTZJJQJWGXGN-UHFFFAOYSA-N
0,O=C(O)Cc1ccc(NS(=O)(=O)c2ccccc2Br)cc1,VFGBMUKSVQUHKM-UHFFFAOYSA-N
0,O=C(COc1ccc2ccc(=O)oc2c1)Nc1ccc(CCO)cc1,NYPGYLIDBXHOCX-UHFFFAOYSA-N
0,OC(CC#CCN1CCCC1)(c1ccccc1)c1ccccc1,MMXLGUVWSIZHSL-UHFFFAOYSA-N
0,CCN(CC(=O)Nc1ccc(OC)cc1)C(=O)CSCc1c(C)noc1C,KULSPIORNAEPTD-UHFFFAOYSA-N
0,O=C(NCc1nnc(S)n1-c1cccc(C(F)(F)F)c1)c1ccc(S(=O)(=O)N2CCCC2)cc1,OLIXZBOJPXTPBI-UHFFFAOYSA-N
0,CCCCCN(C(=O)NC(=O)Nc1nncs1)S(C)(=O)=O,IXEFOJBMWPYAEQ-UHFFFAOYSA-N
0,Cc1ccc(NC(=O)CSCc2nc3c(nnn3Cc3ccc(F)cc3)c(=O)[nH]2)c(C)c1,IGTXZRMSBPNOAS-UHFFFAOYSA-N
0,Cc1ccc(CONC(=O)c2cccc(C)c2)cc1,KAZJOTVLXJMHQU-UHFFFAOYSA-N
0,CCOC(=O)/C(=N/Nc1ccccc1)Sc1nnnn1-c1ccc(C)cc1,IMVCADNWVXAQDC-SILNSSARSA-N
0,C=CCn1cnnc1SCC(=O)Nc1cc2c(cc1C#N)OCO2,JXMRIATVLVSJIL-UHFFFAOYSA-N
0,COC(=O)C(O)(CC(=O)Nc1ccc(OC(F)(F)F)cc1)C(F)(F)F,SPCHZQGGRWCBCJ-UHFFFAOYSA-N
0,Cc1nn(-c2ccccc2)c(C)c1C(=O)Nc1ccc(N2CCOCC2)cc1,LUUPFZOUGYWICY-UHFFFAOYSA-N
0,CC1CN(S(=O)(=O)c2ccccc2)C(C)N1C(=O)N1CCOCC1,ONXOGCHUQUXFAR-UHFFFAOYSA-N
0,O=C(CSc1nnc(CNC(=O)c2c(F)cccc2Cl)o1)NC1CCCC1,MMPQQHVVMPVVHD-UHFFFAOYSA-N
0,COc1cc(C2NC(=O)NC(C)=C2C(=O)OCC2CCCCC2)cc(Cl)c1O,YHUDASAAQOFISO-UHFFFAOYSA-N
0,O=C1CS/C(=N\n2cnnc2)N1c1ccccc1,UHNUBJCDTQZKAY-KAMYIIQDSA-N
0,C=CCNS(=O)(=O)c1nc(C)c(Cl)c(C)c1C#N,PEUPCNYSPPZDRX-UHFFFAOYSA-N
0,CCOP(=O)(c1ccc(N(C)C)cc1)C(O)c1cc(OC)c(OC)c(OC)c1,QNJGCBSAJXWUHN-UHFFFAOYSA-N
0,O=C(CSc1nnc(-c2cccnc2)o1)Nc1ccc(Br)cc1,FWLHPZAPYPLVRW-UHFFFAOYSA-N
0,O=C(N/C=C/c1ccccc1)c1ccccc1,RNBKFNSCTAFHCN-VAWYXSNFSA-N
0,COc1nccnc1CN1CCC(CC(=O)c2ccccc2F)CC1,QADZGOTYSIWSRO-UHFFFAOYSA-N
0,O=C1/C(=C/c2ccccc2)N=C(N2CCOCC2)N1c1cccc(Cl)c1,RIDGOFWDAHRVCW-AQTBWJFISA-N
0,COc1ccc(Cn2c(=O)[nH]c3cc(C(=O)N4CCN(c5ccccc5F)CC4)ccc3c2=O)cc1,NRWZWIMDUUVTFB-UHFFFAOYSA-N
0,O=C(NNCC(O)COc1ccccc1)c1ccccc1,JCILIWWMVWFSMQ-UHFFFAOYSA-N
0,O=C1Cc2cc(S(=O)(=O)NCc3ccccc3Cl)cc3c2N1CCC3,MYWLHGKWSNOBNL-UHFFFAOYSA-N
0,CCCCCCSc1ccc(C(=O)CCN(C)C)c(Cl)c1,FWYRIRWEZJRCCF-UHFFFAOYSA-N
0,CCOc1ccc(OCc2ccc(C(=O)O)o2)cc1,BMAHKRXMGOCFFI-UHFFFAOYSA-N
0,CCOC(=O)c1c(NC(=O)C(C)Sc2cn(C)c3ccccc23)sc2c1CCC2,MOPWGVGTACZIBN-UHFFFAOYSA-N
0,COc1ccc(C(CNC(=O)Nc2cccc(C)c2)N2CCN(C)CC2)cc1,AWLHHAIYYATXRN-UHFFFAOYSA-N
0,O=C(O)c1ccc(CN(c2ccccn2)S(=O)(=O)c2ccccc2)cc1,GRUBUFLJTCRPCA-UHFFFAOYSA-N
0,Cc1ccccc1OC1CCN(C(=O)C2CCC(=O)N(C3CCCC3)C2)CC1,PXXPJQBCQZONGT-UHFFFAOYSA-N
0,Cn1cnnc1SC(C(=O)Nc1ccc(F)cc1)c1ccccc1,TVAYJOOUSZAYSB-UHFFFAOYSA-N
0,CCC(=O)C(C(=O)c1ccccc1)c1nc2ccccc2[nH]1,BGVXPPPUAJBSED-UHFFFAOYSA-N
0,Cc1cccc(Oc2coc3cc(O)ccc3c2=O)c1,WLBAIDJMWRKCNT-UHFFFAOYSA-N
0,Cc1ccc(S(=O)(=O)NCC(=O)NCc2ccncc2)cc1,DQCNBOJRUXZKBI-UHFFFAOYSA-N
0,COc1ccc(C2CC(=O)C=C(c3cc(C)ccc3F)C2)cc1,WVLZUCRQANXVJQ-UHFFFAOYSA-N
0,C=CCn1c(O)c(N=O)c2cc(C)ccc21,KMCODBVSTHJFKK-UHFFFAOYSA-N
0,CCOC(=O)/C(=N/Nc1sc(C(=O)OCC)c(C)c1C(=O)OCC)C(C)=O,JEDDHRLLATYMHE-LDADJPATSA-N
0,N=C(Cc1cccs1)NOC(=O)COc1ccccc1,LIFDICVOKONIQB-UHFFFAOYSA-N
0,Cc1c(OC(C)C(=O)NC(Cc2ccccc2)C(=O)O)ccc2c3c(c(=O)oc12)CCCC3,QVTYWGMYZTWEPJ-UHFFFAOYSA-N
0,COc1ccc(C(=O)NCCc2nnc3ccc(SCC(=O)N4CCCC4)nn23)cc1,VXJPKOIQRWPEQC-UHFFFAOYSA-N
0,O=C(CCNC(=O)c1ccc(Cl)cc1)NN1C(=O)NC2(CCCCC2)C1=O,XCYUULIVXOHNGC-UHFFFAOYSA-N
0,COCCNS(=O)(=O)c1cccn1-c1ncc(C(F)(F)F)cc1Cl,IGJYEDPNZHQMRR-UHFFFAOYSA-N
0,COc1cc2c(cc1OC)C(c1cc(Br)ccc1F)N(C(=O)CCl)CC2,NWOYVUWTTVJPLW-UHFFFAOYSA-N
0,COc1cccc(CC(=O)N2CCC(CCC(=O)Nc3cccc(OC)c3)CC2)c1,IHOHZADYJRHFAY-UHFFFAOYSA-N
0,Cc1nn(C(C)C(=O)NCCCN2CCCCCC2)c(=O)c2c1sc1ccccc12,LTRGDWWSDGRXLW-UHFFFAOYSA-N
0,COc1ccc(C(=O)Nc2nnc(S(=O)(=O)N3CCC(C)CC3)s2)cc1OC,BOHYLVZURWHVDI-UHFFFAOYSA-N
0,CCC(=O)NCCc1nc2ccccc2n1CC(=O)c1ccccc1,MIIXOTBBVVKIDZ-UHFFFAOYSA-N
0,CCn1c(S)nnc1-c1cc(-c2ccc(OC(C)C)cc2)nc2ccccc12,FRGZPNLNFMKQRR-UHFFFAOYSA-N
0,Cc1ccc(S(=O)(=O)Nc2cc3c4c(c2)CCC(=O)N4CCC3)cc1,XVCZKXKMGWYRPP-UHFFFAOYSA-N
0,CC(C)OC1(c2ccccc2)OC(=O)c2ccccc21,QVCGEYGJEZKWOU-UHFFFAOYSA-N
0,CCC(C)N(C(=O)CSc1nnc(-c2ccco2)n1C)C1CCS(=O)(=O)C1,VBSNCOJQICQQMS-UHFFFAOYSA-N
0,CCCc1ccc(C2C3=C(CC(C)(C)CC3=O)N=C3c4ccccc4C(=O)C32)cc1,MUAREWZPIQSICE-UHFFFAOYSA-N
0,COc1ccc(OC)c(NC(=O)c2cccc(NC(=O)c3ccccc3)c2)c1,GOXOOGDGYRIWDN-UHFFFAOYSA-N
0,Cc1c(NC(=O)CSc2nc3ccccc3s2)c(=O)n(-c2ccccc2)n1C,FRYVANOCHOXQSZ-UHFFFAOYSA-N
0,O=C(Nc1ccc(Br)cc1)C1CC(c2c(F)cccc2Cl)=NO1,QQWXMZVXWZBPSI-UHFFFAOYSA-N
0,CCN(CC)P1(=O)OC(c2cc(OC)c(OC)c(OC)c2)=Nc2c1c(C)nn2-c1ccccc1,AFNNKTVMDLGOSP-UHFFFAOYSA-N
0,CC(=O)c1ccc(N2CCN(C(=S)Nc3ccc(Oc4ccccc4)cc3)CC2)cc1,LYDHWOMFCGWYGC-UHFFFAOYSA-N
0,CN1C(=O)c2oc3ccccc3c(=O)c2C1c1ccncc1,ORAQVTZAQJLOAU-UHFFFAOYSA-N
0,Cc1ccc(-c2csc(NC(=O)C3CSC4(C)CCC(=O)N34)n2)cc1,JKXZOEDDVLWJNK-UHFFFAOYSA-N
0,CCn1c(C)nc2cc(S(=O)(=O)C(F)(F)F)ccc21,DBDYZOLYNLUOAR-UHFFFAOYSA-N
0,COc1ccccc1N1CCN(C(=O)C2c3ccccc3Oc3ccccc32)CC1,YPWSVFOXVRZRPQ-UHFFFAOYSA-N
0,Cc1ccc(-c2nc(-c3ccncc3)no2)cc1C,OVRLQALANUTFEM-UHFFFAOYSA-N
0,CCOc1ccc(CNC(=O)CCSCc2ccccc2F)cc1OC,ZBSGGTKJSSLSBU-UHFFFAOYSA-N
0,O=C(NCC(=O)N(c1ccc(F)cc1)C(C(=O)NC1CCCCC1)c1ccncc1)c1ccco1,HNZTVESDASWOIW-UHFFFAOYSA-N
0,CCCCCCN1C(=O)NC(=O)/C(=C(\C)NC)C1=O,WWMZRLGWXMRVDL-KTKRTIGZSA-N
0,CCn1nnc(NC(=O)c2ccc(Br)o2)n1,MOULPPMPQMKHSX-UHFFFAOYSA-N
0,COc1ccc(OC)c(NC(=O)Nc2ccc3c(c2)CCC3)c1,VLVNIEMXROQTEB-UHFFFAOYSA-N
0,Cc1ccc(-n2nc3c(n2)/C(=N/O)CC/C3=N\O)cc1,INGYIBGIPWINEO-OTYYAQKOSA-N
0,Cc1ccc(CC(=O)NCCN2CCOCC2)cc1,ZYUUSGWDWOTLNT-UHFFFAOYSA-N
0,CC1CN(C(=O)C(C)Sc2nnnn2C)CC(C)O1,BGZXCIYWFOXEHZ-UHFFFAOYSA-N
0,COc1cc2c(cc1OC)CN(CC(=O)Nc1ccc(F)cc1)C(C(=O)O)C2,JCSCXLOIALSBFI-UHFFFAOYSA-N
0,CCOc1ccc(Br)cc1S(=O)(=O)Nc1nc[nH]n1,LVAGDDNOQXCEFX-UHFFFAOYSA-N
0,CCC(=O)N1CCc2cc(S(=O)(=O)CCC(=O)Nc3ccc(C(C)=O)cc3)ccc21,WEYCQDZBTSOQOH-UHFFFAOYSA-N
0,O=C(Nc1ccc(N2CCCCC2)cc1)c1cc(S(=O)(=O)N2CCOCC2)ccc1F,AMNSBGPWSDCHML-UHFFFAOYSA-N
0,CC(Sc1nncs1)C(=O)NCC(=O)Nc1ccc(F)c(F)c1F,XKGOSTXCGDLWAO-UHFFFAOYSA-N
0,COc1ccc(C(=O)NCc2ccco2)cc1S(=O)(=O)NC1CC1,XIQNJBPZBCNAEY-UHFFFAOYSA-N
0,O=C(NC(=S)Nc1ccccc1Cl)c1ccco1,AWEFIAYVGFZNOT-UHFFFAOYSA-N
0,N=C(NOC(=O)Cc1ccccc1)c1ccncc1,ZVJYURHABVMXRR-UHFFFAOYSA-N
0,COc1ccc(CNC(=O)CCCCCNc2nc(S)nc3ccccc23)cc1,XFZULAAKMPJGHT-UHFFFAOYSA-N
0,COc1ccccc1N1/C(=N/C(=O)C(C)Oc2ccccc2)SC2CS(=O)(=O)CC21,QRDZHQQUWCPLNL-DQRAZIAOSA-N
0,CCOC(=O)/C(C#N)=C/C=C1C=CN(C)C=C1,AXXFEWVWZFNYQV-LFYBBSHMSA-N
0,CC(C)N1CCN(Cc2cccn2-c2nccs2)CC1CCO,YTRUPNWYOFOMHU-UHFFFAOYSA-N
0,Cc1nc(C)c(-c2ccc(SCC(=O)Nc3ccccc3)nn2)s1,QTTFYIXMVSHSKS-UHFFFAOYSA-N
0,C=CCn1c(=N)n(CC(O)c2ccco2)c2ccccc21,NCSHWNMWZPLFNG-UHFFFAOYSA-N
0,Cc1cc(C)c2cc(C#N)c(N3CCCN(C(=O)c4cnccn4)CC3)nc2c1,SSROVLRLKUCNHR-UHFFFAOYSA-N
0,COC(=O)c1ccc(CSc2nncn2N)cc1,FTTGAPBWPLHBQH-UHFFFAOYSA-N
0,COC(=O)c1sccc1-n1cc(C#N)c(=O)n(C)c1=O,AFMYPUYQNVQCCQ-UHFFFAOYSA-N
0,CC(C)(C)c1nc2sc3c(c2c(=O)o1)CCCC3,PXJAFAZWDJVXBX-UHFFFAOYSA-N
0,O=C(NCC1CCCO1)C(C(=O)c1ccc(F)cc1)n1ccccc1=O,DIXZIYPBWQQWHW-UHFFFAOYSA-N
0,COc1ccc(NC(=O)c2[nH]c(C)c(C(C)=O)c2C)cc1S(=O)(=O)N1CCOCC1,BGVNVSVKRWLYTI-UHFFFAOYSA-N
0,O=C(NCc1ccc(F)cc1)c1cccc(NC2=NC3CS(=O)(=O)CC3S2)c1,HRNYOAXVRLRFKT-UHFFFAOYSA-N
0,NC(Cc1ccccc1)c1nc2ccccc2[nH]1,XUKFUDAFEGNTRD-UHFFFAOYSA-N
0,C#CCn1/c(=N/C(=O)c2ccc(Br)s2)sc2cc(NC(C)=O)ccc21,PSGLVQYZLDGGAF-JZJYNLBNSA-N
0,S=C(Nc1ccccc1)N1CCc2ccccc21,VVFHKNPLMUVKSV-UHFFFAOYSA-N
0,CCOC(=O)c1c(-c2ccc(Br)cc2)c[nH]c1SCC(=O)NCCc1ccc(OC)cc1,PUNBKPUNSDCBMR-UHFFFAOYSA-N
0,COc1ccc(CCNC(=O)C2CCN(C(=O)NC3CCCCC3)CC2)cc1,ISZIQNUORBGCJI-UHFFFAOYSA-N
0,COc1ccc(C(CNC(=O)c2ccc(S(=O)(=O)N(C)C)cc2)N2CCCCC2)cc1,KFLVJPKNHSCIEK-UHFFFAOYSA-N
0,O=c1[nH]cnc2sc(-c3ccccc3)cc12,DOGYRNXYBVJXFA-UHFFFAOYSA-N
0,CC(O)COc1ccc(/C(=N/O)c2ccccc2)cc1,GWJCMENABTYWFJ-WUKNDPDISA-N
0,CN(C)C(=O)N(CCOc1ccc(C#N)cc1)CCN1CC2CN(CCCc3ccccc3)CC(C1)O2,ZHQOIXAGVZZNPX-UHFFFAOYSA-N
0,O=C(Nc1ccc(S(=O)(=O)N2CCOCC2)cc1)c1ccccc1F,SOZYMXBIIDGFBS-UHFFFAOYSA-N
0,CC1=NN(c2ccccc2)C(=O)C1(C)C,MZYISAKYPPUWJG-UHFFFAOYSA-N
0,Cc1c(/C=N/N2C(=O)C3C4C=CC(C4)C3C2=O)c2ccccc2n1C,KLGNNRWWNAHGJY-UFFVCSGVSA-N
0,O=C(c1ccccc1)c1c(O)cc(-c2ccccc2)oc1=O,TXOPSTZDOLCEGT-UHFFFAOYSA-N
0,Nc1c(C(=O)CSc2nnc(Nc3ccc(F)cc3)s2)c(=O)[nH]c(=O)n1C1CC1,FJXRIZHBXMZISB-UHFFFAOYSA-N
0,CCOC(=O)N1CCN(c2c(Nc3cc(C)[nH]n3)c(=O)c2=O)CC1,IREZXDVWWJJXTF-UHFFFAOYSA-N
0,CC(=O)Nc1cccc(OCCCNC(=O)C2CCC2)c1,IQTXJZDEYCJKEM-UHFFFAOYSA-N
0,O=C(Nc1nc2cc3c(cc2s1)OCO3)C1=COCCO1,ZLBALECABDZFAP-UHFFFAOYSA-N
0,CN(C)S(=O)(=O)c1ccc(C(=O)Nc2ccccc2F)cc1,IUXAWWNHRVCPKP-UHFFFAOYSA-N
0,COc1ccccc1N1CCN(C(=O)c2cc(N3C(=O)C4C5CCC(C5)C4C3=O)ccc2Cl)CC1,ROVLVEVJMGRTEO-UHFFFAOYSA-N
0,O=C1c2ccccc2NC2=NCC(CSc3ccc(F)cc3)N12,UARZRYIDZABYOF-UHFFFAOYSA-N
0,CCc1ccc(N2CC(C(=O)Nc3ccc(F)cc3)CC2=O)cc1,DFXQJHXGPXICEB-UHFFFAOYSA-N
0,CC(=O)N1N=C(N)SC12CCCC2,MMCKXDQJDLUWPF-UHFFFAOYSA-N
0,CCn1c(S)nnc1-c1cccc(Br)c1,ZTCFXBKTZOKUQK-UHFFFAOYSA-N
0,Cc1ccsc1/C=N/n1c(S)nnc1-c1ccccc1,FCCYXZBUCJATNI-OQLLNIDSSA-N
0,CC(=O)c1cccc(OCc2cc(C(=O)NCCC3=CCCCC3)no2)c1,VCEOFMFUSIWNOH-UHFFFAOYSA-N
0,COc1cccc(NC(=O)CN(C)C(=O)Cc2n[nH]c(=O)c3ccccc23)c1,LLCBJFFLEXIKOM-UHFFFAOYSA-N
0,COCCn1c(C)cc2c(c1=O)C(c1ccco1)C(C#N)=C(N)O2,LEGHMNLGYKZMMW-UHFFFAOYSA-N
0,COc1cc(C2c3sc(=O)[nH]c3SC3C(=O)N(c4ccc(Br)cc4)C(=O)C32)ccc1O,UBCBUPVTRIWICX-UHFFFAOYSA-N
0,COC(=O)c1cc(O)cc(OC)c1C(=O)c1c(O)cc(C)cc1O,YJRLSCDUYLRBIZ-UHFFFAOYSA-N
0,COc1ccc(/C=C2\SC(=S)N(CCC(=O)NCCCn3ccnc3)C2=O)cc1,XNQWXWSKZUGORH-LGMDPLHJSA-N
0,COC(C(=O)Nc1ccc(Br)cc1F)c1ccccc1,AUURCCLXZDDVML-UHFFFAOYSA-N
0,c1ccc(-n2cnc3cc(NCc4ccccn4)ccc32)cc1,IYNXJRSJKJVPQY-UHFFFAOYSA-N
0,COc1cccc(NC(=O)N(CCCN2CCOCC2)C(C)c2cc3cccc(OC)c3o2)c1,SZCXPQJXNMCARW-UHFFFAOYSA-N
0,O=C(/C=C/c1ccccc1)NC(=S)N1CC2CC(C1)c1cccc(=O)n1C2,BYHZMBFSYXBJLB-MDZDMXLPSA-N
0,CN(C)c1ccc(CNS(=O)(=O)c2ccc3c(c2)C(C)(C)C(=O)N3C)cc1,FDCCWCZLLBBUHK-UHFFFAOYSA-N
0,COc1cccc(NC(=O)N2CCC(NC(=O)C3CCCCC3)CC2)c1,YUGUIJNUZXUGAR-UHFFFAOYSA-N
0,O=C(Nc1ccccn1)c1ccc2ccccc2n1,ZPRCRZOROVUWAJ-UHFFFAOYSA-N
0,Cc1ccn2c(=O)nc(SCC(=O)Nc3cccc4ccccc34)nc2c1,UGCHTGPPBCGCKH-UHFFFAOYSA-N
0,Cc1ccc(NC(=O)c2ccc3c(=O)n(CC4CCCO4)c(=S)[nH]c3c2)cc1C,FDMDWNBAMMNXET-UHFFFAOYSA-N
0,Cc1cccc(C(=O)NC(C(=O)Nc2nc3ccc(S(C)(=O)=O)cc3s2)C(C)C)c1,LJQHBVMBOUGJFD-UHFFFAOYSA-N
0,CC(NC(=O)COC(=O)c1ccc(Cl)cc1O)c1ccc(F)cc1,FVJGXGROSGLNSV-UHFFFAOYSA-N
0,CCOCCn1ccc2c(OCC(=O)Nc3cc(OC)ccc3OC)cccc2c1=O,BUOLZWBSSXXKPN-UHFFFAOYSA-N
0,O=C(O)CSCC(=O)Nc1ccc(S(=O)(=O)N2CCCCC2)cc1,QMRRSOXJOCIFQR-UHFFFAOYSA-N
0,COc1ccc(C(=O)COC(=O)CCCNC2=NS(=O)(=O)c3ccccc32)c(OC)c1,TVCSYZUEWFJETR-UHFFFAOYSA-N
0,O=S(=O)(c1ccc(Cl)cc1)N1CCCCC1c1cccnc1,RDLAFQXQCBLDQX-UHFFFAOYSA-N
0,CCC(=O)NC1=C(C#N)C2(CCCC2)Cc2ccccc21,IWRSCICQEMDWGE-UHFFFAOYSA-N
0,c1c2c(cc3sc(N4CCCCC4)nc13)OCCO2,WKJKDHHHALERFT-UHFFFAOYSA-N
0,COc1ccc(C(=O)O)cc1F,HYNNNQDQEORWEU-UHFFFAOYSA-N
0,Cc1cc(C)nc(Nc2ncc(O)n2-c2ccc(Br)cc2)n1,WJUNDLLTCRWEEW-UHFFFAOYSA-N
0,Cc1ccccc1NC(=O)COc1ccc(S(=O)(=O)N2CCCC2)cc1C,HEIUJTWMMDELKC-UHFFFAOYSA-N
0,Nn1c(SCc2ccccc2F)nnc1-c1cccnc1,KMLCNRCAVFSSKX-UHFFFAOYSA-N
0,CCOc1ccccc1N1CCN(C(=O)c2cccs2)CC1,ACSFMVNNZVYOIB-UHFFFAOYSA-N
0,Cc1c(CC(=O)O)c(=O)oc2c(C)c(OCc3nn[nH]n3)ccc12,UNPWGIHVCHILGW-UHFFFAOYSA-N
0,COC(=O)c1ccccc1NC(=O)c1cc(-c2ccco2)on1,UOHUDWBFUHOEKF-UHFFFAOYSA-N
0,CN(C)S(=O)(=O)c1ccc(C(=O)Nc2nnc(SCc3cccc4ccccc34)s2)cc1,RFHWXRZMHNLAQO-UHFFFAOYSA-N
0,O=C(CCCn1c(=S)[nH]c2cc3c(cc2c1=O)OCO3)NCc1ccccc1Cl,QDAZFIGBUHDKGY-UHFFFAOYSA-N
0,Cc1ccc(CNC(=O)c2cn(C3CCCCC3)c(=O)c3c2c2ccccc2n3C)o1,AYGOPVWFLVEGFG-UHFFFAOYSA-N
0,COc1ccc(CC2c3cc(OC)c(OC)cc3CCN2C)cc1OC,KGPAYJZAMGEDIQ-UHFFFAOYSA-N
0,O=C(c1cc(-c2cccc(Cl)c2)on1)N1CCN(c2ccccc2)CC1,YTBZYOVPKPLMIK-UHFFFAOYSA-N
0,COc1ccccc1N1CCN(C(=O)C2CCCCN2S(=O)(=O)c2ccc(C)cc2)CC1,OVWSMPLFTFKMMA-UHFFFAOYSA-N
0,CCOC(=O)c1ccc(C(=O)OCC)nc1,AFWWHZBUQWEDLS-UHFFFAOYSA-N
0,O=C(Nc1ccccc1Cl)c1ccc(S(=O)(=O)NCC2CCCO2)cc1,PPELIZSAGWCFMU-UHFFFAOYSA-N
0,CCOC(=O)c1ccc(NC(=O)N2CCCCC2)cc1,UQPOIOGRAUSTEG-UHFFFAOYSA-N
0,CC(=O)c1ccccc1NC(=O)C1CCCN(C(=O)c2ccc(Cl)cc2)C1,UMCVVQDHCSSWNB-UHFFFAOYSA-N
0,CCC(C)(C)NC(=O)C(c1cccn1C)N(Cc1ccc(C)cc1)C(=O)Cn1nnc2ccccc21,NGOBIBFCYPXGEK-UHFFFAOYSA-N
0,Cc1ccc(/C=N\NC(=O)c2ccc3c(c2)OCO3)o1,OSTJETWAVNNFEE-CHHVJCJISA-N
0,COc1ccc(CNC(=O)C(C)N2C(=O)N3CCc4c([nH]c5ccc(OC)cc45)C3(C)C2=O)cc1,RTEURRPWXUTETQ-UHFFFAOYSA-N
0,CN(C)S(=O)(=O)c1ccc(C(=O)NCC(c2cccs2)N2CCOCC2)cc1,FETHADAGYGLCMS-UHFFFAOYSA-N
0,O=C(c1cc(Cl)ccc1Cl)N1CCOCC1,SWVWLULVLDQSSF-UHFFFAOYSA-N
0,CC1CCCCC1NC(=O)Cn1cccc1C(=O)c1ccccc1,XBLRBVLXYJETDH-UHFFFAOYSA-N
0,COc1ccc(-n2nc3c(c2NC(=O)C(C)Oc2ccccc2)C[S+]([O-])C3)cc1,AIPWHTPKIHUETD-UHFFFAOYSA-N
0,N#Cc1ccc(CSC2=NCCN2)cc1,PEXAYOLDAPYHQH-UHFFFAOYSA-N
0,CCc1nnc2cccc(Cl)n12,RGZGODCNISGVLM-UHFFFAOYSA-N
0,Cc1cc(-c2csc(N)n2)c(C)n1Cc1ccccc1,QOBHSCNDKUQIAL-UHFFFAOYSA-N
0,Cc1ccc(C(C(=O)NC2CCCC2)N(C(=O)c2csnn2)C2CC2)cc1,HHQVNADEPWNHAL-UHFFFAOYSA-N
0,CCC(C)N(C(=O)COc1ccc(NC(C)=O)cc1)C1CCS(=O)(=O)C1,OKBZFLBDFVOGDQ-UHFFFAOYSA-N
0,O=C(CSCc1ccccc1)Nc1nccs1,MHJHNPCRJRMCLI-UHFFFAOYSA-N
0,CC(=O)N1CCN(C(=O)c2cc3ccccc3o2)CC1,TYKSMIXMJUYVQW-UHFFFAOYSA-N
0,C/C=C(\C)C(=O)N1CC2(CC(c3cccc(NC(=O)CC)c3)=NO2)CC1C(N)=O,JRAMBTCGYQLSIV-YIXHJXPBSA-N
0,CC(C)OC(=O)CN1C(=O)C(=O)c2ccccc21,UFYOUYUZKDXZAK-UHFFFAOYSA-N
0,CS(=O)(=O)Nc1ccccc1C(=O)Nc1ccccc1C(=O)N1CCCC1,JWWOBJKPMLFLDL-UHFFFAOYSA-N
0,Cc1ccc(-c2cc3ccccc3nc2N2CCOCC2)cc1,MZEAJESBFNEPLP-UHFFFAOYSA-N
0,CN(C)c1ccc(/C=C(/C(=O)c2ccc(Cl)cc2Cl)n2cncn2)cc1,DRUILLMXENUEEA-NVMNQCDNSA-N
0,COC(=O)c1nnn(CC(=O)NC(=O)Nc2cccc(Cl)c2C)c1C(=O)OC,MZWBPEMQTDKRQJ-UHFFFAOYSA-N
0,Cc1nc2scc(-c3cccs3)c2c(=O)[nH]1,SVVXRASHNTXIFF-UHFFFAOYSA-N
0,CCOC(=O)c1c(C)[nH]c(C)c1S(=O)(=O)NCCc1cccs1,GXXXKLBRFMSDJA-UHFFFAOYSA-N
0,CCCc1cc(=O)oc2cc(Oc3ncccn3)ccc12,GRFBJZZIPZJIGD-UHFFFAOYSA-N
0,O=C(CSC1=NCCS1)N1CCCCCC1,ZBINERQJOKQQQN-UHFFFAOYSA-N
0,Cc1sc2ncnc(N3CCC(C(=O)Nc4nc5ccc(Cl)cc5s4)CC3)c2c1C,NSEPTXAXAQFMDT-UHFFFAOYSA-N
0,N#CCC(=O)Nc1ccc(C(=O)OCC(=O)NC(=O)Cc2ccccc2)cc1,CTDUQQZGPZKEBX-UHFFFAOYSA-N
0,CCc1ccc(CN(C(=O)c2ccco2)C2CCS(=O)(=O)C2)cc1,RPRAVGGJCZKCHT-UHFFFAOYSA-N
0,CCN(CC)CCNC(=O)c1c(O)c2c([nH]c1=O)CCCC2,PVGHQKCMTFEVPJ-UHFFFAOYSA-N
0,CN(C)S(=O)(=O)N1CCN(S(=O)(=O)c2ccc3ccccc3c2)CC1,UHDPVCZPLYERKS-UHFFFAOYSA-N
0,CCOc1ccc(N2CC(=O)Nc3ccccc3NCC2=O)cc1,OAUAHIZTNCWECU-UHFFFAOYSA-N
0,CN(C(=O)Cn1nnc(-c2cccnc2)n1)C1CCCCC1,LROOYLNBAMLXQS-UHFFFAOYSA-N
0,CCSc1nnc(NC(=O)C2Cc3ccccc3CN2C(=O)c2ccco2)s1,QBGVPYUGNGPTQZ-UHFFFAOYSA-N
0,Cc1nn(Cc2c(F)cccc2Cl)c(C)c1NC(=O)C1CC1,FTASQQMHJQGMFP-UHFFFAOYSA-N
0,Cc1ccc(C(=O)NCc2ccc3c(c2)OCO3)cc1S(=O)(=O)N1CCOCC1,LGCFSBYBUPLUEY-UHFFFAOYSA-N
0,COc1ccc(NC(=O)c2oc3ccccc3c2NC(=O)c2ccco2)c(OC)c1,STOSYUMRHHORSV-UHFFFAOYSA-N
0,COc1ccc(NC(=O)CCNS(=O)(=O)c2ccc3c(c2)CC(C)N3C(C)=O)cc1,AATOGWRGHQCQAN-UHFFFAOYSA-N
0,COC(=O)CCC(=O)NC(=S)Nc1c(C)cccc1C,RCMODDLSPYATNM-UHFFFAOYSA-N
0,COc1ccc(S(=O)(=O)N2CCOCC2)cc1NC(=O)c1ccc(Cl)cc1,GEOWISNUVFADMB-UHFFFAOYSA-N
0,O=C(/C=C/N1CCN(Cc2ccccc2)CC1)C(F)(F)F,DSTRKKLZDQJGET-VOTSOKGWSA-N
0,CCOC(=O)c1cc(=O)c2ccc(OCC(=O)Nc3ccccc3)cc2o1,RDACVLLLTQPBPC-UHFFFAOYSA-N
0,CCCn1c(=S)[nH]c2ccccc2c1=O,NJLIXBFSTLACFC-UHFFFAOYSA-N
0,COc1ccc(NC(=O)C(=O)NCCO)cc1Cl,AGQMMPDJTPZUAL-UHFFFAOYSA-N
0,Cc1cc(-c2ccc(C(=O)O)s2)cnc1N,RHGPTOUJLXZQEP-UHFFFAOYSA-N
0,CC(=O)OC(C)(C)C1Cc2cc3ccc(=O)oc3cc2O1,XBEFQTHUADKZEH-UHFFFAOYSA-N
0,Cn1c(Cc2ccccc2)nnc1SCC(=O)c1ccc(Br)s1,RMZOHOSSJSLVNL-UHFFFAOYSA-N
0,COc1ccc(-c2nc3ccccc3c(=O)[nH]2)cc1,HETSSARHFAGODR-UHFFFAOYSA-N
0,COc1ccc(Cl)cc1NC(=S)NCCCN1CCCC1=O,UESHEZFRPIWCQK-UHFFFAOYSA-N
0,Cc1nc2c(c3c1[nH]c1ccccc13)C(O)CC(C)(C)C2,PBJUPZQSOBQERT-UHFFFAOYSA-N
0,O=C(Nc1cccc(C(=O)N2CCOCC2)c1)c1ccccc1,LMFQSPLVHKPKDN-UHFFFAOYSA-N
0,Cc1ccc2[nH]cc(C(=O)CCl)c2c1,JYKPHNPNYVGFFG-UHFFFAOYSA-N
0,COc1cccc(-c2noc(-c3ccc(Br)o3)n2)c1,UNBQJKNRUZDGIP-UHFFFAOYSA-N
0,CC(=O)Nc1ccc(S(=O)(=O)c2c(N)n(CCN3CCOCC3)c3nc4ccccc4nc23)cc1,WUEJTRNTDAFMKV-UHFFFAOYSA-N
0,Cc1nn(C)cc1CN(C)C(=O)CCc1nnc(CCC2CCCCC2)o1,XKULXPHVFMIECM-UHFFFAOYSA-N
0,CNC(=S)NNc1nc(N2CCOCC2)nc(N2CCOCC2)n1,SWRUFLONUOYKKQ-UHFFFAOYSA-N
0,O=C(c1cccs1)N1CCN(Cc2ccccc2)CC1,LWRIUWKPFSDWBI-UHFFFAOYSA-N
0,CCCC(c1nnnn1CC1CCCO1)N1CCN(c2nc3ccccc3s2)CC1,PKCCKZIQHMGGEH-UHFFFAOYSA-N
0,CCC(C(=O)NCc1ccc(F)cc1)n1nc(C)n2c(cc3occc32)c1=O,XYLZASQNTACKRY-UHFFFAOYSA-N
0,CCCC(C(=O)NC1CCCC1)N(CCCN1CCOCC1)C(=O)c1snc(C(N)=O)c1N,NOJRXULIRYEZOR-UHFFFAOYSA-N
0,CCOC(=O)C1=C(COC(=O)CCOc2ccc(OC)cc2)NC(=O)NC1C,XGMGAPPMZGFFME-UHFFFAOYSA-N
0,O=C(Cc1ccccc1)Nc1ccc(N2CCOCC2)cc1,NNDNMBWRQWNOCZ-UHFFFAOYSA-N
0,Cn1c(=O)c2nc(-c3ccccc3)[nH]c2n(C)c1=O,PJFMAVHETLRJHJ-UHFFFAOYSA-N
0,Cc1c(N/N=C2\C(=O)NC(=O)N(c3ccc(Br)cc3)C2=O)c(=O)n(-c2ccccc2)n1C,AWUNHAUGPCTKTF-KOEQRZSOSA-N
0,Cc1ccc(C(=O)NC2CCCCNC2=O)cc1C,LQUGZYRELKTYGP-UHFFFAOYSA-N
0,COc1ccc(CCC(=O)OCC(=O)Nc2ccc3[nH]c(=O)[nH]c3c2)cc1,MIMAOSZEGSZSQH-UHFFFAOYSA-N
0,COCCCNC(=O)C1CCN(S(=O)(=O)N(CC(C)C)CC(C)C)CC1,FDKVOURYMDUWKX-UHFFFAOYSA-N
0,CCN(CC)S(=O)(=O)c1ccc(-c2nnc(SCC(=O)Nc3ccc4c(c3)OCO4)o2)cc1,VLCJQBWXQNBBIA-UHFFFAOYSA-N
0,Cc1nn(-c2ccccc2)c(O)c1/N=N/c1cccc(Cl)c1,GOESUFGLHIJZQP-VHEBQXMUSA-N
0,CC(=O)c1cccc(NC(=O)Cn2cnc(S(=O)(=O)N3CCCCC3)c2)c1,YJEKMQKNPPGOPA-UHFFFAOYSA-N
0,N=C(NOC(=O)Cc1ccc(Cl)cc1)c1ccncc1,UQWBKYAGKHCUKA-UHFFFAOYSA-N
0,COc1ccc(CCNC(=O)/C(C#N)=C/c2cccc(OCc3ccccc3)c2)cc1OC,IXNOIUIWBQFVNR-HZHRSRAPSA-N
0,COc1ccc(C(=O)N/N=C(\C)CC(=O)N2CCN(C=O)CC2)cc1,OPUXTQQENYINGC-QGOAFFKASA-N
0,COc1ccc(NC(=S)NC(=O)c2cncc(Br)c2)c(OC)c1,LJVVPSDJQQKVBU-UHFFFAOYSA-N
0,Cc1noc(C)c1S(=O)(=O)Nc1ccc(C(=O)NC2CCCCC2)cc1,ALHMEJDFLOLACZ-UHFFFAOYSA-N
0,O=C1NC(=S)N(Cc2ccco2)C(=O)/C1=C\NCc1cccs1,XQBYCLFYOOLKRD-WQLSENKSSA-N
0,COC(=O)c1ccccc1NC(=O)CSc1nc2cccnc2[nH]1,NKHLHMCPZUWWRC-UHFFFAOYSA-N
0,CNC(=S)N1CCC(NC(=O)C(Cc2ccccc2)NC(C)=O)CC1,PXJLHYBCMUICAL-UHFFFAOYSA-N
0,CCOc1ccc(CCNC(=O)COC(=O)c2cc(=O)[nH]c3ccccc23)cc1OCC,QEBJJRHKTPBCJO-UHFFFAOYSA-N
0,N=C(NOS(=O)(=O)c1ccccc1)c1cccnc1,MMBFWVSIECDJRG-UHFFFAOYSA-N
0,CCCCn1c(N)c(N(CC)C(=O)C2CCN(C(=O)c3ccccc3C)CC2)c(=O)[nH]c1=O,CUPXJDMFNURDBR-UHFFFAOYSA-N
0,CC1CCN(CCCNC(=O)CN2C(=O)CSc3ccc(S(=O)(=O)N4CCOCC4)cc32)CC1,RQMBEEJPROXPKM-UHFFFAOYSA-N
0,CNc1nc2c(c(=O)[nH]c(=O)n2C)n1CCCc1ccccc1,LOPBZXUEPMRYGB-UHFFFAOYSA-N
0,CCCC(C)C(=O)Nc1nc(C)c(-c2csc(Nc3cc(OC)ccc3OC)n2)s1,JAZWKYQDMWHNDM-UHFFFAOYSA-N
0,CCOC(=O)N1CCN(C(=O)C2CCCCC2)CC1,CIAHBFFQTNPHDS-UHFFFAOYSA-N
0,CC(C)(C)NC(=O)CN(Cc1cccs1)C(=O)c1csnn1,RKXFARUMORPDJC-UHFFFAOYSA-N
0,Cc1ccc(-c2nn(Cc3ccccc3)cc2C(=O)N2CCN(c3ccccn3)CC2)cc1,QVLYFFYDOKFGLI-UHFFFAOYSA-N
0,CCN(CC)C(=O)CSc1nc2cc3c(cc2c(=O)n1Cc1ccc2c(c1)OCO2)OCO3,MCQGZHDLPWDUCJ-UHFFFAOYSA-N
0,CCOc1ccc(OCC(=O)NCCS(=O)(=O)N2CCN(c3ccc(F)cc3)CC2)cc1,RVVHBSMDKNBJSR-UHFFFAOYSA-N
0,CC(=O)Nc1ccccc1OC(=O)N1CCOCC1,MVRVPKUPXMDFTK-UHFFFAOYSA-N
0,Cn1c(=O)c2c(nc(Cl)n2Cc2ccncc2)n(C)c1=O,RVRRJTJSTZTEPK-UHFFFAOYSA-N
0,CCN(CC(=O)NC1CCS(=O)(=O)C1)Cc1nc2c(Br)cc(Br)cc2c(=O)[nH]1,ZSEFFUVQEMHEOM-UHFFFAOYSA-N
0,CCOC(=O)C1=C(N)n2c(s/c(=C\c3ccco3)c2=O)=C(C(=O)OCC)C1c1ccco1,QRJQWUOFHYSSJS-KAMYIIQDSA-N
0,COc1ccc(OC)c2sc(NC(=O)CCS(=O)(=O)c3ccccc3)nc12,QRSFOIPGMWPZAR-UHFFFAOYSA-N
0,COc1ccc(C(=O)O/N=C2\CCCc3nonc32)cc1,QWCFDEKAWOHARH-RVDMUPIBSA-N
0,COc1ccc(-n2nc(C(=O)NCC(=O)Nc3cc(OC)c(OC)c(OC)c3)c3ccccc3c2=O)cc1OC,OLVGUQNBDZDMTM-UHFFFAOYSA-N
0,CC(=O)ON1C(C)(C)Cc2noc(N)c2C1(C)C,MCBBXGHWFRJHKJ-UHFFFAOYSA-N
0,CC1=C(C(=O)NC2CCCc3c2cnn3-c2cc(F)cc(F)c2)OCCO1,KUZGJCZVAJNODG-UHFFFAOYSA-N
0,O=C(COc1ccccc1F)N1CCN(S(=O)(=O)/C=C/c2ccccc2)CC1,QBZJWPKDPHNWGB-XNTDXEJSSA-N
0,Cc1ccc(NC(=S)NCc2ccc(Cl)cc2)c(OC(F)F)c1,SMNHNJFVCHCDPV-UHFFFAOYSA-N
0,NNc1nc(N)c2c(n1)-c1ccccc1CC21CCCC1,HETNULADYNEXJW-UHFFFAOYSA-N
0,O=C(Cn1ncc2c3ccccc3n(Cc3ccc(F)cc3)c2c1=O)N1CCN(c2ncccn2)CC1,OVXCKAWPEIGQGP-UHFFFAOYSA-N
0,COc1ccc(NS(=O)(=O)c2cc(NC(=O)c3ccncc3)ccc2N2CCOCC2)cc1,WZWNAPDZEHDBQJ-UHFFFAOYSA-N
0,N#Cc1ccc(Cl)cc1NC(=O)CSc1nc2nc(-c3cccs3)cc(C(F)(F)F)c2c(=O)[nH]1,FILYVGLNOCJALY-UHFFFAOYSA-N
0,CC(C)CNC(=O)Cn1c(=O)c2c(ncn2CC(C)C)n(Cc2ccccc2)c1=O,YGDFHYIEVBDXQZ-UHFFFAOYSA-N
0,Cc1nc2c(c3c1[nH]c1ccccc13)C(=O)CC(C)(C)C2,PPTIUJYVYBPVEZ-UHFFFAOYSA-N
0,Nn1c(SCC(=O)N2CCCc3ccccc32)nnc1-c1ccc(Cl)cc1,WPHINFDHLJJMRC-UHFFFAOYSA-N
0,Cc1cc(C)nc(SCCN(C)C)n1,MEYCPYGYJTXWQU-UHFFFAOYSA-N
0,CC(C)OCCCNC(=O)C(=O)NCCCOC(C)C,HVZKKUGBZNJNFL-UHFFFAOYSA-N
0,Cn1c(CNC(=O)C(Cc2ccccc2)NC(=O)c2ccccc2)cc(=O)n(C)c1=O,DUXIFFGMECTVIA-UHFFFAOYSA-N
0,CCC(CC)C1=NN2C(=N)/C(=C\c3c(C)[nH]c4ccccc34)C(=O)N=C2S1,RKNUHQSHORJKPG-INIXKHHFSA-N
0,C/C(CCc1ccco1)=N/NC(=O)CCC(=O)Nc1ccc(Br)cc1,AQZVAOJQEYDGCT-BKUYFWCQSA-N
0,COc1ccccc1NC(=O)Cn1nc(-c2ccc(Cl)cc2)c2ccccc2c1=O,KWKLEJNEQIUZII-UHFFFAOYSA-N
0,O=C(Nc1ccccc1)c1cccnc1N1CCCC1,QYQPVGPDXZCYML-UHFFFAOYSA-N
0,C=CCN1C(=O)C2(OCCCO2)c2ccccc21,KYCROIFSNXZNDI-UHFFFAOYSA-N
0,COc1ccc(C(=O)NC2CCSc3ccccc32)cc1F,WWYVLCFPERUCKJ-UHFFFAOYSA-N
0,Cc1cccc(C)c1OCC(=O)OCC(=O)c1ccc2c(c1)NC(=O)CO2,OBQHZKQUWROSCV-UHFFFAOYSA-N
0,O=C(COc1ccccc1)Nc1ccc(Cl)cc1C(=O)c1ccccc1,NRKMGDQWAVWEME-UHFFFAOYSA-N
0,Cc1ccc(-n2c(=O)cc(N3CCN(Cc4ccccc4)CC3)[nH]c2=O)cc1,VJSLGRKWJBDITA-UHFFFAOYSA-N
0,COc1ccc(-c2nc(CSCC(=O)N3CCN(C(=O)c4ccco4)CC3)c(C)o2)cc1OC,IFALYLZEWVGODX-UHFFFAOYSA-N
0,O=C(CCCOc1ccc(Br)cc1)Nc1ccc(S(=O)(=O)N2CCOCC2)cc1,DHXSHJYVNOIPKW-UHFFFAOYSA-N
0,CCN(CCNC(=O)C1CCCN(S(=O)(=O)c2c[nH]cn2)C1)c1ccccc1,OFHGXOCVDZBKIH-UHFFFAOYSA-N
0,COC/C=C/C1=CC2=CC(=O)C(C)(OC(=O)c3cnc4ccccc4n3)C(=O)C2=CN1CCOC,UBJKPKOOEDJLNM-VOTSOKGWSA-N
0,CN(Cc1ccc(Cl)c(Cl)c1)C(=O)C1=CC=CN2CCS(=O)(=O)N=C12,SIRZRVRTEBUOAK-UHFFFAOYSA-N
0,N#C/N=C(/Nc1cccc(F)c1)SCc1cccc(F)c1,UMJADEHZELTLFJ-UHFFFAOYSA-N
0,CN(C)S(=O)(=O)c1cc(NC(=O)CN2C(=O)NC3(CCCc4ccccc43)C2=O)ccc1Cl,MZEQXVHBSVQKGA-UHFFFAOYSA-N
0,O=C(CCNS(=O)(=O)c1cccc2nsnc12)NCc1cccs1,BMKSLXOYHULCSY-UHFFFAOYSA-N
0,COC(=O)CCC(=O)Nc1ccc(S(=O)(=O)Nc2cc(OC)nc(OC)n2)cc1,KEBZPVHFRGEXCW-UHFFFAOYSA-N
0,Cc1cc(SCC(=O)OCC(=O)NC(C)c2ccccc2)c(C)cc1Br,XNLQGVGXGBCMOP-UHFFFAOYSA-N
0,FC(F)Oc1ccc(NC(=S)NCc2ccco2)cc1Cl,FWLSXBQOAQKCLL-UHFFFAOYSA-N
0,CCOC(=O)c1sc(NC(=O)CCN2CC(C)OC(C)C2)c(C(=O)OCC)c1C,VPLBGNREFOSRMZ-UHFFFAOYSA-N
0,CCOCCCNC(=O)c1c(C)[nH]c(C(=O)OCC)c1C,NGKOYPPOUBIGGB-UHFFFAOYSA-N
0,CCC(C(=O)NCc1ccc(C)cc1)c1ccccc1,FNZRAZGXSLEOCO-UHFFFAOYSA-N
0,CCCc1nnc(SCc2ccc(OC)cc2)n1N,XOLNQCYRRHXLJF-UHFFFAOYSA-N
0,CCC(=O)NCCc1nc2cc(NC(=O)c3ccc(OC)cc3)ccc2n1C,HIDGYJNUODLCBQ-UHFFFAOYSA-N
0,Cc1ccc(NC(=O)Cc2nnc(SCC(=O)Nc3ccccc3)n2C)cc1,QTDGPTRAGGISPL-UHFFFAOYSA-N
0,O=C1NC(=O)C(c2cn(-c3ccccc3)nc2-c2ccc(F)cc2)N1,MPQWYPLPWGUMJE-UHFFFAOYSA-N
0,CC(=O)Nc1ccc(/C=N/N2CCCCC2)cc1,CZDNCJLXVGWFNB-RVDMUPIBSA-N
0,CCOC(=O)N1CCC(N2C(=O)c3ccccc3C2Nc2ccc(Cl)cn2)CC1,HXKLWJKPJVSLMM-UHFFFAOYSA-N
0,CC(=O)c1cccc(NC(=O)CCc2nnc3ccc(NCc4ccco4)nn23)c1,OPFQGNZXDOMAQW-UHFFFAOYSA-N
0,COC(=O)c1sc(NC(=O)/C=C/c2ccc(C)cc2)nc1C,ZXAMSFZWDMRUQP-CMDGGOBGSA-N
0,CN1C(=O)C(=CNc2ccccc2-c2ccccc2)C(=O)N(C)C1=O,HKNNGYRJQOZCKQ-UHFFFAOYSA-N
0,CC1=C(C(N)=O)C(c2cccs2)NC(=O)N1,QMXIWVYAARMLSW-UHFFFAOYSA-N
0,Cc1cc(C)n(-c2nc(Nc3ccccc3C(F)(F)F)nc(-n3nc(C)cc3C)n2)n1,JRIPCFVHGQWMAI-UHFFFAOYSA-N
0,O=C(Nc1cccc2ccccc12)c1onc2c1CCCC2,HZTHLNSSPBRDRX-UHFFFAOYSA-N
0,CC1Cn2c(nnc2-c2ccc(F)cc2)CN1C(=O)c1cccc(C(F)(F)F)c1Cl,UJTOQBQDAYTWPS-UHFFFAOYSA-N
0,Cc1ccc2nc(SCC(=O)Nc3cccc(F)c3)nc(=O)n2c1,LIXPAKIVXYDXBN-UHFFFAOYSA-N
0,Cc1onc(-c2ccccc2)c1C(=O)Nc1nnc(N2CCCCCC2)s1,JRNATTGYIXBRPS-UHFFFAOYSA-N
0,N#CCCN(Cc1ccccc1)S(=O)(=O)c1cccs1,AGOUURSYTSEYKJ-UHFFFAOYSA-N
0,CCOc1ccc(C2C(C(=O)c3ccc(C)o3)C(=O)C(=O)N2Cc2cccnc2)cc1,IMZOAHUPNJAVBO-UHFFFAOYSA-N
0,C/C(=N\OCc1cccc(C(=O)O)c1)c1ccc(Cl)cc1,QAZWGFGJOJFUGT-WOJGMQOQSA-N
0,CCC(=O)Nc1c2c(nc3c1CCC3)CCCC2,AHGYNPDGONVWAO-UHFFFAOYSA-N
0,O=S(=O)(CCc1nc2ccccc2o1)c1ccc(Cl)c(Cl)c1,PEXOIHKNWWUYAR-UHFFFAOYSA-N
0,CC(=O)c1cc(CN2CCN(CC=C(C)C)C(CCO)C2)cs1,SNJBBJJHKPKQEZ-UHFFFAOYSA-N
0,COc1cccc(OC)c1C(=O)NC(=O)Nc1c(F)cc(F)cc1F,OLKWLLXSRAKETP-UHFFFAOYSA-N
0,CCN(CC)C(=O)Nc1ccc(C(=O)OC)cc1,ASSBRBUNWQVNQT-UHFFFAOYSA-N
0,O=C(O)COc1ccc(/C=N/NC(=O)C(O)(c2ccccc2)c2ccccc2)cc1,FIEOYOITLTVWPQ-BUVRLJJBSA-N
0,CCOC(=O)C(C#N)/N=N/c1c(C)n(C)n(-c2ccccc2)c1=O,PYVPPOQZBMVPKL-VHEBQXMUSA-N
0,CSc1c(CC(=O)Nc2ccccc2)n(Cc2ccccc2)c2ccccc12,BFAWWJBCXDTUNY-UHFFFAOYSA-N
0,O=S(=O)(c1ccc(Oc2ccccc2)cc1)N1CCOCC1,JEDYKBIVYSSWOB-UHFFFAOYSA-N
0,COCCn1cnc2c1c(=O)n(Cc1ccc(Br)cc1)c(=O)n2Cc1ccccc1,RYCLKSWTTLSMLA-UHFFFAOYSA-N
0,Cc1cc(-c2ccc(C)c(S(=O)(=O)N3CC(=O)Nc4ccccc43)c2)on1,SGJWFURJVSFEFT-UHFFFAOYSA-N
0,CCC(=O)N1CCc2cc(S(=O)(=O)NCCC(=O)N3CC=C(c4ccccc4)CC3)ccc21,ULSCXXKYZKDWDI-UHFFFAOYSA-N
0,NC(=O)C1CCN(C2CC(=O)N(CCc3ccccc3)C2=O)CC1,UPBDKZORZPPJRD-UHFFFAOYSA-N
0,COc1ccccc1CC1CC(=O)N(c2ccccc2)C1=O,MTSWAFKWRLHMQL-UHFFFAOYSA-N
0,O=C(Nc1nncs1)c1ccccc1NS(=O)(=O)c1cccs1,LXXXUNMQRTUNCZ-UHFFFAOYSA-N
0,CC(Oc1ccc(Oc2cnc3ccc(Cl)cc3n2)cc1)C(=O)O,NUQZXROIVGBRGR-UHFFFAOYSA-N
0,Cn1c(SCC(=O)NCC2CCCO2)nc2c3ccccc3nc-2c1O,CJEXKNAHSCXZBN-UHFFFAOYSA-N
0,COC(=O)c1ccc(NC(=O)CSC2=NC(=O)C(c3ccccc3)C(=O)N2)cc1,AUMZQXRUTRBASE-UHFFFAOYSA-N
0,Cc1ccc(C(=O)NC2CCc3ccccc3C2=O)cc1,YLOOPFVXPVWCAC-UHFFFAOYSA-N
0,NC(=O)C1CCN(C(=O)COc2ccc3c(c2)oc(=O)c2ccccc23)CC1,JQLPMTBMSSQHKI-UHFFFAOYSA-N
0,O=C1OCCN1C(=O)C1C(c2ccc(F)cc2)C(c2ccc(F)cc2)=NN1c1ccc(Br)cc1,XPPREPIEDYSITP-UHFFFAOYSA-N
0,O=C(COC(=O)C1CCC(=O)N1)Nc1ccc(Br)cc1,SRHSDLJKZGURMD-UHFFFAOYSA-N
0,c1ccc2c(c1)CCN(c1ncnc3[nH]cnc13)C2,CFTAJCANLTYSFI-UHFFFAOYSA-N
0,COC(=O)c1c(NC(=O)c2ccco2)sc(C(=O)N2CCCC2)c1C,ZFNNYVCWDCWNID-UHFFFAOYSA-N
0,O=c1cncc(CCN2CCC(COc3ccc(F)cc3F)CC2)[nH]1,VQIYCROJRGAYQK-UHFFFAOYSA-N
0,COCCOC(=O)c1c(NC(=O)COC(=O)c2ccc(C)o2)sc(C(N)=O)c1C,MQHACWLXAZTHKJ-UHFFFAOYSA-N
0,COc1ccc(CCN2CC(C(=O)OC(C)C(=O)Nc3cccc(Cl)c3)CC2=O)cc1OC,GVYUOGCZKHTMIS-UHFFFAOYSA-N
0,Cc1ccc(OCC(=O)Nc2ccc(N3CCOCC3)cc2)cc1,YXYYNLLGGPQOKU-UHFFFAOYSA-N
0,C/N=c1\scc(-c2cccs2)n1/N=C/c1ccccc1O,UNNYCIADIRNASM-BULSJCKZSA-N
0,COCCn1c(=O)[nH]c2cc(C(=O)NCCN3CCN(c4ccccc4)CC3)ccc2c1=O,HFCYFEYAAATWRI-UHFFFAOYSA-N
0,CS(=O)(=O)N1CCC(C(=O)N2CCN(C(c3ccccc3)c3ccccc3)CC2)CC1,KXSROBQZJVCMNP-UHFFFAOYSA-N
0,COc1cc(/C=N/n2c(C)nc3ccccc3c2=O)ccc1O,SRBIUYZVNZVDKP-VCHYOVAHSA-N
0,CCOc1cc(C2NC(=O)c3ccccc3O2)ccc1OC(C)C,GLUXIBJCIVIKSO-UHFFFAOYSA-N
0,O=C(Nc1ccccc1C(=O)Nc1nnc(C(F)(F)F)s1)c1ccccc1,OMIFALZEMXWVJL-UHFFFAOYSA-N
0,CC(=O)Nc1ccc(S(=O)(=O)N(C)CC(=O)OC(C)C(=O)NC2CCCC2)cc1,NMSIJMKFXSWEOR-UHFFFAOYSA-N
0,CCOC(=O)c1ccc(NC(=O)CC2SC(NNC3=NC(=O)CS3)=NC2=O)cc1,YZQITBNACUIOSG-UHFFFAOYSA-N
0,O=C(O)CCCc1ccc2ccc3cccc4ccc1c2c34,QXYRRCOJHNZVDJ-UHFFFAOYSA-N
0,CCC(C)c1ccccc1NC(=O)c1[nH]c(C)c(C(C)=O)c1C,VZYWUWNFQDULOJ-UHFFFAOYSA-N
0,CC1CCN(S(=O)(=O)c2c[nH]c(=O)[nH]c2=O)CC1,RYDOZWNRNJZFIL-UHFFFAOYSA-N
0,OC(CNC1CCCCC1)Cn1c2ccc(I)cc2c2cc(I)ccc21,JWFSARIOZVATFH-UHFFFAOYSA-N
0,CC1=Nc2cc(C(=O)NCCCN3CCN(C)CC3)ccc2Sc2ccc(C)cc21,NIVLACLCCNTJGE-UHFFFAOYSA-N
0,CCOC(=O)c1c(-c2cccs2)csc1NC(=O)CN(CC)CC,MWXLRVWATSVVLI-UHFFFAOYSA-N
0,CCCCn1c(N)c(N(CCOC)C(=O)Cn2c(=O)cnc3ccccc32)c(=O)[nH]c1=O,KDPGLQAJZVVTIT-UHFFFAOYSA-N
0,O=C(NCc1cccs1)C1CCCN(C(=O)Nc2ccccc2)C1,LBHGWEFJDGUUAS-UHFFFAOYSA-N
0,Cn1c(=O)c2c(n(C)c1=O)=NC1(CCCCC1)N=2,TWIOWKHTTGCXPK-UHFFFAOYSA-N
0,Cn1c(=O)n(C)c2cc(/C=C3\SC(=O)N(CC(=O)N4CCOCC4)C3=O)ccc21,IHXVXZCQKWPPBJ-GDNBJRDFSA-N
0,CCOc1cc2[nH]c(=S)n(Cc3ccc(C(=O)NCCCN4CCOCC4)cc3)c(=O)c2cc1OCC,DBDNXLOVXNUXRP-UHFFFAOYSA-N
0,COc1ccc(CN2C(=O)CS/C2=N\N=C\c2ccccc2)cc1,PTVSIGLSUZUGMF-IVUIJMHVSA-N
0,CCn1c2c(c(=N)c3c1CCC3)CCCC2,RDKPMNKWSNJWRL-UHFFFAOYSA-N
0,Clc1cccc(CN2COc3c(cc(Cl)c4cccnc34)C2)c1,KDKWXOJMQIWBFJ-UHFFFAOYSA-N
0,COc1ccc(C(C)=O)cc1CC(C(=O)c1ccc(C)c(C)c1)N(C)C,BZSMWPDPZNXDIN-UHFFFAOYSA-N
0,O=C(Nc1ccccc1C(=O)O)c1ccc(CN2C(=O)c3ccccc3C2=O)cc1,YQWJFHIEFDXOHP-UHFFFAOYSA-N
0,COCCCNC(=O)c1ccc(N(C)S(=O)(=O)c2ccc(OC)cc2)cc1,BXNPXPQTPRFYFD-UHFFFAOYSA-N
0,O=C(Nc1cccnc1Cl)c1cc(-c2ccc(Cl)cc2)on1,IDKCRNYMFZKQDG-UHFFFAOYSA-N
0,COc1ccc(CCNC(=O)CC2Nc3ccccc3NC2=O)cc1OC,JICLZWSWWGUJDK-UHFFFAOYSA-N
0,O=S1(=O)CCOC2Cc3ccccc3C2N1Cc1ccccc1Br,FRVQWCJUIMSOBZ-UHFFFAOYSA-N
0,COc1ccc(-c2c(C(=O)O)nc3ccccc3c2C(=O)O)cc1,CDWWIWDVXOQSLL-UHFFFAOYSA-N
0,O=C(Nc1c(F)c(F)c(F)c(F)c1F)C1CCCCC1,QQLHSULFALKJSV-UHFFFAOYSA-N
0,COc1cc(OC)cc(C(=O)Nc2nc(CC(=O)NC(C)c3ccccc3)cs2)c1,FASTVIVQTQRZEL-UHFFFAOYSA-N
0,Cc1cccc(C(=O)NCCC(=O)NCc2ccccc2F)c1,OLTUTWKYWKZSOM-UHFFFAOYSA-N
0,CC(SCc1ccc(C(=O)O)o1)c1ccc(C(=O)O)o1,RFLGNUWEEVPNCG-UHFFFAOYSA-N
0,CCOC(=O)N1CCN(C(=O)C[S+]([O-])Cc2nc(-c3cccc(C)c3)oc2C)CC1,OZHGKSHWGNUCTH-UHFFFAOYSA-N
0,COc1cccc2cc(C(=O)N3CCN(C45CC6CC(CC(C6)C4)C5)CC3)c(=O)oc12,JZDRUCGULJGQAD-UHFFFAOYSA-N
0,CCCCNCc1cc(OC)c(OCC(N)=O)cc1Br,XUCPXYWZBGTXJI-UHFFFAOYSA-N
0,Cc1ccc(S(=O)(=O)N2CCCOC2CNC(=O)C(=O)NCc2cccnc2)cc1,YMWVHDAGCZATDU-UHFFFAOYSA-N
0,O=P(O)(O)C(O)C(F)(F)C(F)(F)C(F)(F)C(F)F,VCDTZELUHOABQI-UHFFFAOYSA-N
0,Cc1ccc(S(=O)(=O)N2CCCCC2)cc1NC(=O)COC(=O)C1=COCCO1,RZATVCYBYGKPGC-UHFFFAOYSA-N
0,OCC1(Cc2ccccc2C(F)(F)F)CCN(Cc2ccc3c(c2)CCO3)CC1,WOKMRLYMNLLOEE-UHFFFAOYSA-N
0,CC(C)Oc1cc2oc(=O)c3c(c2cc1Cl)CCC3,AXKFCVCCISFWBQ-UHFFFAOYSA-N
0,Cn1nnnc1SCc1ccc(F)cc1,SRWMTIZQTFJYKP-UHFFFAOYSA-N
0,Cc1nnc(SCC(=O)NC2CC2)s1,XOQBDWGBPJVSBD-UHFFFAOYSA-N
0,CC(=O)Nc1ccc(S(=O)(=O)N2CCN(Cc3ccccn3)CC2)cc1,BQLSNRSRVOEUMM-UHFFFAOYSA-N
0,CC(CC(=O)Nc1ccccc1)n1ccnc1,GPXFAKIOKWJEMV-UHFFFAOYSA-N
0,Cc1cc(NC(=O)Nc2cccc(Cl)c2)n(C(C)(C)C)n1,UNLJJJFPKHWNQS-UHFFFAOYSA-N
0,CN(C(=O)c1ccc(NC(=O)Cc2cccc(NC(=O)C3CCN(C(=O)CCc4ccccc4)CC3)c2)cc1)C1CCCC1,OZQVQTLBCFPUOB-UHFFFAOYSA-N
0,CCc1nnc(S)n1/N=C/c1cc(Br)c(OC)cc1OC,OWZRLLMPBDDLLW-VIZOYTHASA-N
0,COc1cccc(-c2ncc3ccccc3c2COC(=O)N(C)C)c1,MWBFFLCAIATGLY-UHFFFAOYSA-N
0,Cc1ccc(S(=O)(=O)NC2=NC(=O)/C(=C/c3ccncc3)S2)cc1,UTAVTBMELNVCTM-UVTDQMKNSA-N
0,Cc1ccccc1CN(C)CC(=O)Nc1ccccc1-c1ccccc1,BMBWRFABZOCADR-UHFFFAOYSA-N
0,COc1ccc(NC(=O)NS(=O)(=O)c2ccc(C)cc2)c(OC)c1,DTFJCVKLBXSCLC-UHFFFAOYSA-N
0,Clc1cc2nc(-c3cccnc3Cl)[nH]c2cc1Cl,JXPSPHGWFXMOCY-UHFFFAOYSA-N
0,Cc1c(NC(=O)c2ccccc2)c(=O)n(-c2ccccc2)n1C,TWAXSNQMTXARTQ-UHFFFAOYSA-N
0,Cc1ccc(-n2nc3c(S)nnc(C)c3c2C)cc1,KCGYRJGFRLIWJP-UHFFFAOYSA-N
0,Cc1cc(Cl)ccc1NC(=S)NCCc1ccc(Cl)cc1,CZTLMENWYKDRIV-UHFFFAOYSA-N
0,O=C(CCSc1ccc(Cl)cc1)NC12CC3CC(CC(C3)C1)C2,WSAXPNALGWKOLA-UHFFFAOYSA-N
0,CN(C)S(=O)(=O)c1cccc(COC(=O)c2cnccn2)c1,RKKRNYOODMOVOP-UHFFFAOYSA-N
0,O=C(COc1cccc(Cl)c1)Nc1ccc2c(c1)CCC2,ZNFVVWQYZSVRDH-UHFFFAOYSA-N
0,COc1cccc(/C=N/NC(=S)Nc2cccc(S(=O)(=O)N(C)C)c2)c1,ILFLTBKHEQYAQM-LDADJPATSA-N
0,Cc1cc2[nH]c(-c3ccccc3)cc(=O)n2n1,FZLIHGWFGWQVFH-UHFFFAOYSA-N
0,C=C(C)c1cccc(C(C)(C)NC(=O)NCC2COCCO2)c1,MXPOLLOVAUKVOC-UHFFFAOYSA-N
0,CC1=C(C(=O)N2CCCCC2)C2(CCC(C)CC2)OC1=O,RPZGNVTVIGTLMI-UHFFFAOYSA-N
0,CC(C)OC(=O)CSc1nnc(CNc2nc(-c3ccccc3)cs2)n1C,HPSZSZORSKPTHS-UHFFFAOYSA-N
0,COC(=O)c1[nH]c2cccc(OC)c2c1NC(=O)CN1CC2(C)CC1CC(C)(C)C2,ANGKSUGPKQOCDU-UHFFFAOYSA-N
1,CCc1cc2c(cc3c(=O)n(CC(=O)NCCCN4CCCCCC4)nc(CC)n32)s1,RWMVDXZGKJPUHS-UHFFFAOYSA-N
0,Clc1ccc(CSc2nnc(/C=C/c3ccccc3)o2)cc1,QOCQVHCUURVWIN-DHZHZOJOSA-N
0,COC(=O)CSc1cc(C)nc(SC)n1,GOWRSUBYUGRGRL-UHFFFAOYSA-N
0,CNC(=O)c1cc(Nc2nnc(C)c3ccccc23)ccc1OC,AXLNTPGIUXMAQW-UHFFFAOYSA-N
0,CC(OC(=O)c1cccc(S(=O)(=O)N(C)C)c1)C(=O)NCc1ccc2c(c1)OCO2,ZPARLTJTRPRCDL-UHFFFAOYSA-N
0,Cc1sc2ncnc(SCC(=O)N3CCCC3)c2c1C,LUKVWNKSMOCBLZ-UHFFFAOYSA-N
0,CCOc1ccc(NS(=O)(=O)c2ccc(NC(=S)NC(C)=O)cc2)cc1,MEMHFLOMUCDVKF-UHFFFAOYSA-N
0,O=C(c1cccnc1)N1N=C(C2CC2)CC1(O)C(F)(F)F,QOKMFADAFNKJQC-UHFFFAOYSA-N
0,Cc1cc(OCC(=O)Nc2cc(-c3nn4c(C)nnc4s3)ccc2C)ccc1Cl,BKPIHOZLZOFZCF-UHFFFAOYSA-N
0,C(=C/c1ccco1)\c1nc2ccccc2[nH]1,LPLLNBVBHIZVJV-BQYQJAHWSA-N
0,CCc1cccc(C)c1NC(=S)NCc1ccccc1,AEUFQGFXEGFIHQ-UHFFFAOYSA-N
0,O=C(Nc1cccc(-c2nc3ccccc3[nH]2)c1)c1cccc(NC(=O)c2ccco2)c1,WFJMXMMPYVXLFE-UHFFFAOYSA-N
0,CCOC(=O)c1c(-c2ccc(OC)cc2)csc1NC(=O)CSc1ncnc2sccc12,PMRWOPFTCGBZEN-UHFFFAOYSA-N
0,Cc1ccc(N2C(=O)C(F)(F)C2c2ccccc2)cc1,SRIZFZMBZNYAFE-UHFFFAOYSA-N
0,CC(C)c1ccc(-c2nnn(CCC(=O)O)n2)cc1,ASNZICBNRGZMRX-UHFFFAOYSA-N
0,C=CCOc1c2ccc(C(=O)NCc3ccc(C)cc3)cc2nn1C,RJYAWOMHTCKFHD-UHFFFAOYSA-N
0,COc1cc(NC(=O)c2cccs2)c(C(=O)OCC(=O)NC(=O)NC(C)(C)C)cc1OC,JJTWDBITQPVOMW-UHFFFAOYSA-N
0,N#CC(C(=S)Nc1ccccc1)c1nc2ccccc2[nH]1,MADDIHBERRLZRF-UHFFFAOYSA-N
0,CCOc1cccc(OCCOCCn2cnc3ccccc3c2=O)c1,JGOQNISANJPYCG-UHFFFAOYSA-N
0,COc1cc(OC)cc(-n2nnnc2SCC(=O)NC2CCCC2)c1,NMRROUKLGJQSLV-UHFFFAOYSA-N
0,O=C(/C=C/c1ccccc1)NC(=S)NNC(=O)c1cccnc1,SIVXBEYJRWTZEZ-CMDGGOBGSA-N
0,COc1ccc(NC(=O)CSC2CCCCC2)cc1,WHZXECRZNJDUML-UHFFFAOYSA-N
0,COc1cc(NC(=O)CSc2nc(C)cc(C)n2)cc(OC)c1OC,BRVRFKLTWPDYHQ-UHFFFAOYSA-N
0,O=C(O)C1CC=CCC1C(=O)NCCc1csc(-c2ccccc2)n1,AMCZBHHCVNIEHX-UHFFFAOYSA-N
0,CCN(CC)CCCC(C)Nc1c2ccc(Cl)cc2nc2ccc(OC)cc12,GPKJTRJOBQGKQK-UHFFFAOYSA-N
0,N#CC1=C(S)N(c2ccc(F)cc2)C2(CCCCC2)NC1=O,PDZNUYPGXCZLNO-UHFFFAOYSA-N
0,COc1ccc2c(c1)C1C(CO2)C(c2ccccc2)C2(C)C(=O)Nc3cc(OC)c(OC)cc3C(=O)N12,SYYQFYJXYDSARV-UHFFFAOYSA-N
0,COCCC/N=C/C1C(=O)CC(c2ccccc2)CC1=O,CICSZELERTZIRO-LDADJPATSA-N
0,COc1ccc(N(Cc2cc3cc(OC)ccc3[nH]c2=O)C(=O)C2CCCO2)cc1,PHWQCNTXIZBRAY-UHFFFAOYSA-N
0,CC1CCc2ccc(F)cc2N1S(=O)(=O)c1cccs1,QJZJICCUBCDFGA-UHFFFAOYSA-N
0,O=C1CC(N2CCSCC2)C(=O)N1c1ccccc1,GNTZZDMWRTYPMF-UHFFFAOYSA-N
0,Cc1ccccc1C(=O)N/N=C/c1cccc2ccccc12,JJSGBUIKWKAALT-DEDYPNTBSA-N
0,COc1ccccc1NS(=O)(=O)c1cc(NC(=O)c2ccc(=O)[nH]c2)ccc1N1CCOCC1,URDYOCRFTPJNQS-UHFFFAOYSA-N
0,O=C(O)c1oc2ccc(Br)cc2c1-n1cccc1,GPSKNTJPTFZHCM-UHFFFAOYSA-N
0,COc1ccc(/C=C(/NC(=O)c2ccccc2)C(=O)N2CCOCC2)cc1OC,WUAKMWVCOYYHGG-NBVRZTHBSA-N
0,N=C(NOC(=O)N1CCOCC1)c1ccc(Cl)cc1,MWFNCBHRLALLGC-UHFFFAOYSA-N
0,COc1ccc(N2C(=O)NC(NS(=O)(=O)c3ccc(NC(C)=O)cc3)(C(F)(F)F)C2=O)cc1,TXXUFSPMSAVBGO-UHFFFAOYSA-N
0,COC(=O)c1ccc(N2C(=O)CC(N3CCC(n4c(=O)[nH]c5ccccc54)CC3)C2=O)cc1,KFAVZMHCPWCCKM-UHFFFAOYSA-N
0,COc1ccc(/C=N/Nc2ccc(C(=O)O)cc2)c(OC)c1OC,UUMIBDLOVCMGHK-VCHYOVAHSA-N
0,O=C(Nc1sccc1C(=O)N1CCOCC1)c1cccnc1,BHZAFPWRWZHWSJ-UHFFFAOYSA-N
0,CC(CN1CCCC1)OC(=O)c1ccc(F)cc1,UGGIVBOGGSJXOB-UHFFFAOYSA-N
0,COc1cccc(/C=N/Nc2nc(-c3cccnc3)nc3ccccc23)c1O,KGSPMASMABTSNR-YDZHTSKRSA-N
0,CC(C)(C)OC(=O)N1CSCC1C(=O)NCC(CC(=O)O)c1ccc(Cl)cc1,CXNXXLCCIMNBAQ-UHFFFAOYSA-N
0,COc1ccc(N2CCN(CC(=O)Nc3nc(C)cs3)CC2)cc1,MXUDKLRFYNOHHW-UHFFFAOYSA-N
0,O=C(COC(=O)C1CC(O)CN1S(=O)(=O)c1ccc2c(c1)OCCO2)Nc1ccccc1F,DNNHBYKBYUSNQE-UHFFFAOYSA-N
0,CC(=O)N1CCc2cc(S(=O)(=O)CCC(=O)NCc3ccc(F)cc3)ccc21,ZXDNEZYDLMCUAT-UHFFFAOYSA-N
0,CCCCn1c(SCC(=O)N2CC(C)CC(C)C2)nc2cc(S(N)(=O)=O)ccc21,OVKIEHDELACWGH-UHFFFAOYSA-N
0,CCCOc1ccc(C2C(C(=O)c3ccc(C)o3)C(=O)C(=O)N2CCN2CCOCC2)cc1OC,MLTIOMVZZCRBCZ-UHFFFAOYSA-N
0,CCc1nc2sc3ccccc3c(=O)c2c(=O)n1Cc1ccco1,RYRVQVALQWHMRK-UHFFFAOYSA-N
0,CCSc1nnc(NC(=O)CSc2nnc(C)c(=O)n2N)s1,YHKSWFYTEZFUTH-UHFFFAOYSA-N
0,NC(=O)CCn1nc(-c2ccccc2)c2ccccc2c1=O,CKOCEPQZFNMRQP-UHFFFAOYSA-N
0,O=C(CSc1ccccn1)NC1CCCC1,KYZUGNHKPCVGIY-UHFFFAOYSA-N
0,Cc1c(C)c2cc(Cl)c(OCC(=O)N3CC4CC(C3)c3cccc(=O)n3C4)cc2oc1=O,PMQXLCHLRAWBHW-UHFFFAOYSA-N
0,Cc1nn(Cc2ccc(Cl)cc2)c(C)c1NC(=O)CSc1nc2c(c(C(F)(F)F)n1)CCc1ccccc1-2,BTQOYUSQNWOFBI-UHFFFAOYSA-N
0,CCN(CC(=O)Nc1c(F)cccc1F)C(=O)CCC(=O)c1ccc(C)cc1,NDMOJNIZFXAAOM-UHFFFAOYSA-N
0,CCCCNS(=O)(=O)c1ccc(OC)c2ncccc12,HTLGDQYGZISUMN-UHFFFAOYSA-N
0,CCC(=O)c1ccc(OCC(O)CN(CCc2ccccc2)Cc2ccccc2)cc1,RQDZLDRYAKHKPP-UHFFFAOYSA-N
0,COc1cccc(C(C(=O)NCc2ccco2)N(C(=O)Cn2nnc3ccccc32)C2CC2)c1OC,OXMBIOZMBUTDGM-UHFFFAOYSA-N
0,N=C(N)N/N=C/c1ccc(OCc2ccc(Cl)cc2Cl)cc1,WDJCNXSMIWVYFP-DNTJNYDQSA-N
0,COCCN1Cc2cccc(C(=O)NC(C)c3cccs3)c2C1=O,YRWNREKJWUVGLV-UHFFFAOYSA-N
0,CC(C)Cc1nnc(NS(C)(=O)=O)s1,PTZWEQUWMCMDQG-UHFFFAOYSA-N
0,Cc1ccc(CN2CCN(Cc3ccc(OCCO)cc3)CC2CCO)o1,FTUVOZLHWXVRGW-UHFFFAOYSA-N
0,CCC(C(=O)O/N=C(\N)c1ccc(C)cc1)c1ccccc1,WRJDDFRQUNRRHK-UHFFFAOYSA-N
0,CCCS(=O)(=O)N1CCN(S(=O)(=O)c2ccc(F)cc2)CC1,NSSICMAXJOOYEW-UHFFFAOYSA-N
0,COc1cc(C2Nc3ccc4ncccc4c3C3=C2C(=O)CC(C)(C)C3)cc(OC)c1O,UEXIRONLZCSIGY-UHFFFAOYSA-N
0,CC1Cc2ccccc2N1C(=O)COC(=O)Cn1cnc2ccccc2c1=O,HCSFBXOHHDPCKP-UHFFFAOYSA-N
0,CC(C)=CC1C=C(C)C(C)C2C(=O)NNC(=O)C12,AGFYVJCJRQPJIS-UHFFFAOYSA-N
0,O=C(COc1ncnc2scc(-c3ccccc3)c12)NC1CCCc2ccccc21,UQRCQWQJXQIAJT-UHFFFAOYSA-N
0,S=C(Nc1ccccc1Cl)N1CCCC(c2ccccc2)=N1,IDHGEPCDBZJWTM-UHFFFAOYSA-N
0,O=C(Nc1ccccc1N1CCOCC1)c1cccnc1,WOPWMFJQZIIELB-UHFFFAOYSA-N
0,CCOc1ccccc1OCCCC(=O)NC1CCCc2ccccc21,QYTWLGTVVWRJKL-UHFFFAOYSA-N
0,COc1cccc(NC(=O)N2CCN(c3cccc(C)c3)C(C)C2)c1,PSQIJUAJXFPDTB-UHFFFAOYSA-N
0,Cc1cc(OCC(=O)Nc2ccc(OCc3ccccc3)cc2)nc(C(C)C)n1,WJYPJPLKCNDNSN-UHFFFAOYSA-N
0,O=C(CN1CCCC1=O)N1CCOCC1,STCIKKQYKAFZSC-UHFFFAOYSA-N
0,Cc1ccc(C(=O)N2C(CC(=O)Nc3ccc(Cl)cc3)C(=O)NC3CCCCC32)cc1,NECZLXZYJJPSMS-UHFFFAOYSA-N
0,COc1cc(/C=N/NC(=O)c2cc3c(ccc4ccccc43)o2)cc(OC)c1O,ICEFORRNJVZCHJ-FSJBWODESA-N
0,Oc1ccc(/N=N/c2nc(-c3ccccc3)c(-c3ccccc3)[nH]2)cc1,GDVLXNQFILRYQG-OCOZRVBESA-N
0,O=C(COC(=O)c1ccc(Br)o1)Nc1ccc(Br)cc1,RZNIVDXCGXALNJ-UHFFFAOYSA-N
0,COCCCNc1ncnc2c1nc1n2CCCC1,SZPGZOPPQWZSBN-UHFFFAOYSA-N
0,O=C(Nc1c(-c2ccccc2)nc2ccccn12)c1cccc(F)c1,FZNWHLKFMQZVJF-UHFFFAOYSA-N
0,Cn1c(SCC(=O)Nc2ccc(Cl)cc2)nnc1C1CC1,OMTWBJUASALOJU-UHFFFAOYSA-N
0,CCC(=O)Nc1nc2ccccc2n1Cc1ccccc1,NKEAZJMVZVQWDU-UHFFFAOYSA-N
0,CCOc1ccc(N2CC(NC(=O)c3ccc4ccccc4c3)CC2=O)cc1,RCKMSQIIFCRVKD-UHFFFAOYSA-N
0,O=C1CCCC(=O)C1=NNc1ccc2ncsc2c1,XNLNHLQAIQWFSB-UHFFFAOYSA-N
0,Cc1ccccc1-c1cc(C(=O)NCc2ccco2)n(CC2CC(c3cccnc3)=NO2)n1,LLDLRINVFJPWBW-UHFFFAOYSA-N
0,COc1cccc(C(=O)Nc2ccc(N3CCN(C(=O)c4cccs4)CC3)cc2)c1,WQGZHPROJLLTMO-UHFFFAOYSA-N
0,Cc1cccc(-n2c(C)cc(C=C3C(=O)c4ccccc4C3=O)c2C)c1,NRSRRFJWMFFOEC-UHFFFAOYSA-N
0,COc1cc2c(cc1OC)CN(C(=O)c1ccc(OC)c(S(=O)(=O)N3CCOCC3)c1)CC2,ZVNCLJVBQWOEGU-UHFFFAOYSA-N
0,CCOc1ccc(OCc2ccc(C(=O)N3N=C(C(F)F)CC3(O)C(F)F)o2)cc1,QPFAWZZMIDBGTK-UHFFFAOYSA-N
0,COc1ccc(OC)c(Cc2nnc(CCC(=O)NCc3ccc(C)s3)o2)c1,YPWKLHLLOCJCAK-UHFFFAOYSA-N
0,COc1ccc(S(=O)(=O)Cc2ccc(C(=O)N3CCN(c4ccccn4)CC3)o2)cc1,YGRVALOLOGUCHT-UHFFFAOYSA-N
0,CCOC(=O)C1=C(c2ccccc2)Nc2c(c(=O)n(C)c(=O)n2C)C1c1ccc(O)c(OC)c1,MVIKQTBUJJXZJA-UHFFFAOYSA-N
0,O=C(CN(Cc1ccc(Cl)cc1)S(=O)(=O)c1ccccc1)NCC1CCCO1,ZJAXUMRQVYAVTM-UHFFFAOYSA-N
0,COCCn1c(C)cc(C(=O)COC(=O)CNC(=O)c2ccco2)c1C,YBAFVZYMXAUZDC-UHFFFAOYSA-N
0,CC1CCCCN1C(=O)c1ccccc1NC(=O)c1ccco1,FHCLWUVUPLMYKC-UHFFFAOYSA-N
0,CCc1cc2c(s1)N1Cc3ccccc3C(C(=O)c3ccccc3Cl)=C1NC2=O,JLURWWIDCQKEEU-UHFFFAOYSA-N
0,c1coc(CNc2nc(-c3ccncc3)cs2)c1,NVBNLWGCRFMOIU-UHFFFAOYSA-N
0,CC1Cc2ccccc2N1C(=O)CSc1nnc(CNc2ccccc2)o1,HTSQERUSLPZCCK-UHFFFAOYSA-N
0,O=C(COc1ccccc1)N1CCCCCCC1,BIJUSLNHJLONEF-UHFFFAOYSA-N
0,CCc1ccc(N2C(=O)Nc3ccccc3C2(O)C(=O)N2CCN(c3ccccn3)CC2)cc1,BTIZKDZMKAHNNN-UHFFFAOYSA-N
0,Cc1ccc(NC(=O)CSc2nc(=O)n3cc(C)ccc3n2)c(C)c1,NSOWBTPXUOCSSU-UHFFFAOYSA-N
0,Cc1cccc(NC(=O)C2CC(O)CN2C(=O)Oc2ccccc2)c1,KIRNBQAQITVWQW-UHFFFAOYSA-N
0,Cc1ccc(S(=O)(=O)NC2(C(F)(F)F)NC(=O)N(C)C2=O)cc1,QOCUWGVHOSYUKK-UHFFFAOYSA-N
0,C=Cn1ccnc1P(=S)(c1ccc(N(C)C)cc1)c1nccn1C=C,PKIHXGVLCZNKBU-UHFFFAOYSA-N
0,CCC(=O)Nc1ccc2c(c1)Cc1cc(NC(=O)CC)ccc1-2,ZRNDTHFMFAEKRO-UHFFFAOYSA-N
0,CC(=O)c1csc(CS(=O)(=O)c2ccccn2)n1,KHJRGSODEFTCFO-UHFFFAOYSA-N
0,COCC(=O)Nc1cc(C(=O)OC)cc(C(=O)OC)c1,FZVVARPSDBTSBQ-UHFFFAOYSA-N
0,Cc1ccc(NC(=O)NCCCN2CCCC2=O)cc1,YJSODCKUBZWZQA-UHFFFAOYSA-N
0,CCOc1ccccc1N(CC)C(=O)c1ccc2c(=O)n3c(nc2c1)CCCCC3,DUIXHJVCJROUAT-UHFFFAOYSA-N
0,CN(c1ccc2nc3ccccc3c(=O)n2n1)C1CCCCC1,OKMJJJISENEROA-UHFFFAOYSA-N
0,CCCCn1c(N)c(N(C)C(=O)c2ccc(-n3cccn3)cc2)c(=O)[nH]c1=O,KNKDPYRDJYKPEX-UHFFFAOYSA-N
0,CCN1C(=O)NC(=O)/C(=C\c2cn(CC(=O)N3CCCC3)c3ccccc23)C1=O,LPDBIOGPMUQNLY-LFIBNONCSA-N
0,CC(C)(C)c1ccc(/C=C/C(=O)N2CCc3ccccc3C2)cc1,JGIFMPJQFPUQDY-JLHYYAGUSA-N
0,Cc1[nH]c2ccccc2c1CCNS(=O)(=O)c1ccc(S(N)(=O)=O)cc1,DDWILYBVFKWJTR-UHFFFAOYSA-N
0,COc1ccc(NC(=O)c2cccs2)cc1,DTHZTXGJRSLGFS-UHFFFAOYSA-N
0,COCCNC(=O)/C(=C\c1ccccc1Cl)c1ccccc1,WFQWXAGJDBYQHP-SSZFMOIBSA-N
0,CCN(CC)CCCN1C(=O)C(=O)C(C(=O)c2ccc3c(c2)OCCO3)C1c1ccco1,GUYFPDVTPCXDCS-UHFFFAOYSA-N
0,CN(C)c1ccc(/C=N/NC(=O)CN(c2ccccc2Cl)S(C)(=O)=O)cc1Br,WUXRFNFABHRXNY-SRZZPIQSSA-N
1,CCN(CC(=O)NCc1cccs1)C(=O)c1ccc(-c2ccccc2F)o1,RZZUYWMVIWNJGU-UHFFFAOYSA-N
0,COc1ccc(NC(=O)CN2CCOCC2)cc1,WNSXEJQRHNXCLH-UHFFFAOYSA-N
0,Cc1noc(C)c1S(=O)(=O)NCCCN1CC2CN(CCOc3ccc(C#N)cc3)CC(C1)O2,FIJVLWXAIQSMQM-UHFFFAOYSA-N
0,Cc1cc(CN2CC(N)C(C(=O)C3CCCC3C#N)C2)ccc1C#N,FWKUWRLCCHFYDK-UHFFFAOYSA-N
0,COc1cccc(CNC(=O)CCN2C(=S)NC(C)(C)CC2C)c1,VPXMYYLBTDFMCU-UHFFFAOYSA-N
0,CCCc1[nH][nH]c(=O)c1C(c1ccc(Br)cc1)C(C#N)C#N,KYSCHESGFLCCBN-UHFFFAOYSA-N
0,O=c1c(-c2ncc(C(F)(F)F)cc2Cl)c[nH]c2c(F)ccc(F)c12,BJBXJUMCCZGGEJ-UHFFFAOYSA-N
0,C/C(CC(=O)Nc1ccc2c(c1)OCCO2)=N\NC(=O)COc1cccc(C)c1,PETLZOFGCWDPSR-HZHRSRAPSA-N
0,Cc1ccc(NC(=O)CN(C)C2CCCCC2)cc1Br,OEMAMHMFZNHULL-UHFFFAOYSA-N
0,O=C(Nc1ccc(Cl)cc1C(=O)NCC1CCCO1)c1ccco1,APZMRFFVUUOICO-UHFFFAOYSA-N
0,CCOC(=O)c1oc2ccccc2c1NC(=O)CCl,ULIYCFVMHVZBIO-UHFFFAOYSA-N
0,CCn1c2ccccc2c2cc(/C(C)=N/O)ccc21,ZZROCLXZUPWPLB-GZTJUZNOSA-N
0,CCOC(=O)C1CCCN(c2c(Nc3ccc(C)c(C)c3)c(=O)c2=O)C1,DLCOLIQYXOEMJY-UHFFFAOYSA-N
0,CCCCCC(O)(c1ccc(OC)cc1)C(CN1CCOCC1)c1ccccc1,FREHESDPKBIAIM-UHFFFAOYSA-N
0,CN(Cc1ccccc1NS(=O)(=O)c1ccc2ccccc2c1)C1CCCCC1,VNTYXCYNSOBNHH-UHFFFAOYSA-N
0,COc1ccc(CNC(=O)CSc2ncnc3[nH]cnc23)cc1,XLJQMEUZSPZIKG-UHFFFAOYSA-N
0,COc1ccc(-c2c3c(=O)n(C)c(=O)n(C)c3cn2Cc2ccccn2)cc1,IUVZVQJMTNCJFN-UHFFFAOYSA-N
0,CCc1cc2ccccc2nc1S,PFDMSGAMJXISLF-UHFFFAOYSA-N
0,O=C(C1CCN(S(=O)(=O)c2ccccc2)CC1)N1CCCCCC1,TVGHYBXTPZCJMY-UHFFFAOYSA-N
0,C=CCOc1ccc(/C=C/C(=O)OCC(=O)N(C)CC(=O)Nc2ccc(F)cc2)cc1,BFZVRNKJHPUIGL-AWNIVKPZSA-N
0,CC(=O)NC(=O)c1nnn(Cc2ccccc2)c1NC(C)=O,LOEJVFKTIRGMJK-UHFFFAOYSA-N
0,O=C(COC(=O)Cc1ccc(F)cc1)Nc1cc(S(=O)(=O)N2CCOCC2)ccc1N1CCCC1,LXDRZULSZMFJQL-UHFFFAOYSA-N
0,CCCN(C(=O)c1cc(Cl)nc2ccccc12)C1CCS(=O)(=O)C1,RVORGCTYLYPCRN-UHFFFAOYSA-N
0,CCCNc1cc(=O)n(C)c(=O)n1C,KQHLRFMQDRAHMC-UHFFFAOYSA-N
0,COCCOc1cnn(-c2cc(Oc3ccc(C)cc3)ncn2)c(=O)c1Cl,HKJRKVMKBWLDEL-UHFFFAOYSA-N
0,Cc1ccc2cccc(NC(=S)NC(=O)c3ccccc3)c2n1,WDJNLWSWYKPAPU-UHFFFAOYSA-N
0,CCN(CC)CCN1C(=O)C(=O)C(C(=O)c2ccc(OC)cc2)C1c1ccco1,IQKYZMMAQTZSMG-UHFFFAOYSA-N
0,CCCCCC/N=C/C1C(=O)CC(C)(C)CC1=O,OTPVNCPIXYAUPQ-LFIBNONCSA-N
0,CCc1ccc(CNC(=O)C2CCCN(c3nnc(C)c4c(C)n(-c5ccccc5)nc34)C2)cc1,TYWZYNYHEVTCJH-UHFFFAOYSA-N
0,CC(C)(C)C(=O)Cn1nnc(-c2ccc(C(F)(F)F)cc2)n1,YWRSPSAXTBGPHL-UHFFFAOYSA-N
0,O=C(NC(Cc1ccccc1)C(=O)N1CCN(c2ccccn2)CC1)c1ccco1,RCWFDWLKEBESJP-UHFFFAOYSA-N
